Workbook

Sheet Cleaned Data
A1: Sector | B1: Year | C1: Month | D1: Cereals and products | E1: Meat and fish | F1: Egg | G1: Milk and products | H1: Oils and fats | I1: Fruits | J1: Vegetables | K1: Pulses and products | L1: Sugar and Confectionery | M1: Spices | N1: Non-alcoholic beverages | O1: Prepared meals, snacks, sweets, etc. | P1: Food and beverages | Q1: Pan, tobacco, and intoxicants | R1: Clothing | S1: Footwear | T1: Clothing and footwear | U1: Housing | V1: Fuel and light | W1: Household goods and services | X1: Health | Y1: Transport and communication | Z1: Recreation and amusement | AA1: Education | AB1: Personal care and effects | AC1: Miscellaneous | AD1: General index
A2: Broader Category | D2: Basic Food Items | E2: Basic Food Items | F2: Basic Food Items | G2: Basic Food Items | H2: Basic Food Items | I2: Basic Food Items | J2: Basic Food Items | K2: Basic Food Items | L2: Other Food and Intoxicants | M2: Basic Food Items | N2: Other Food and Intoxicants | O2: Other Food and Intoxicants | P2: Other Food and Intoxicants | Q2: Other Food and Intoxicants | R2: Clothing and footwear | S2: Clothing and footwear | T2: Clothing and footwear | U2: Housing and Utilities | V2: Housing and Utilities | W2: Housing and Utilities | X2: Services and Miscellaneous | Y2: Services and Miscellaneous | Z2: Services and Miscellaneous | AA2: Services and Miscellaneous | AB2: Services and Miscellaneous | AC2: Services and Miscellaneous
A3: Rural | B3: 2013 | C3: January | D3: 107.5 | E3: 106.3 | F3: 108.1 | G3: 104.9 | H3: 106.1 | I3: 103.9 | J3: 101.9 | K3: 106.1 | L3: 106.8 | M3: 103.1 | N3: 104.8 | O3: 106.7 | P3: 105.5 | Q3: 105.1 | R3: 106.5 | S3: 105.8 | T3: 106.4 | U3: NA | V3: 105.5 | W3: 104.8 | X3: 104 | Y3: 103.3 | Z3: 103.4 | AA3: 103.8 | AB3: 104.7 | AC3: 104 | AD3: 105.1
A4: Urban | B4: 2013 | C4: January | D4: 110.5 | E4: 109.1 | F4: 113 | G4: 103.6 | H4: 103.4 | I4: 102.3 | J4: 102.9 | K4: 105.8 | L4: 105.1 | M4: 101.8 | N4: 105.1 | O4: 107.9 | P4: 105.9 | Q4: 105.2 | R4: 105.9 | S4: 105 | T4: 105.8 | U4: 100.3 | V4: 105.4 | W4: 104.8 | X4: 104.1 | Y4: 103.2 | Z4: 102.9 | AA4: 103.5 | AB4: 104.3 | AC4: 103.7 | AD4: 104
A5: Rural+Urban | B5: 2013 | C5: January | D5: 108.4 | E5: 107.3 | F5: 110 | G5: 104.4 | H5: 105.1 | I5: 103.2 | J5: 102.2 | K5: 106 | L5: 106.2 | M5: 102.7 | N5: 104.9 | O5: 107.3 | P5: 105.6 | Q5: 105.1 | R5: 106.3 | S5: 105.5 | T5: 106.2 | U5: 100.3 | V5: 105.5 | W5: 104.8 | X5: 104 | Y5: 103.2 | Z5: 103.1 | AA5: 103.6 | AB5: 104.5 | AC5: 103.9 | AD5: 104.6
A6: Rural | B6: 2013 | C6: February | D6: 109.2 | E6: 108.7 | F6: 110.2 | G6: 105.4 | H6: 106.7 | I6: 104 | J6: 102.4 | K6: 105.9 | L6: 105.7 | M6: 103.1 | N6: 105.1 | O6: 107.7 | P6: 106.3 | Q6: 105.6 | R6: 107.1 | S6: 106.3 | T6: 107 | U6: NA | V6: 106.2 | W6: 105.2 | X6: 104.4 | Y6: 103.9 | Z6: 104 | AA6: 104.1 | AB6: 104.6 | AC6: 104.4 | AD6: 105.8
A7: Urban | B7: 2013 | C7: February | D7: 112.9 | E7: 112.9 | F7: 116.9 | G7: 104 | H7: 103.5 | I7: 103.1 | J7: 104.9 | K7: 104.1 | L7: 103.8 | M7: 102.3 | N7: 106 | O7: 109 | P7: 107.2 | Q7: 106 | R7: 106.6 | S7: 105.5 | T7: 106.4 | U7: 100.4 | V7: 105.7 | W7: 105.2 | X7: 104.7 | Y7: 104.4 | Z7: 103.3 | AA7: 103.7 | AB7: 104.3 | AC7: 104.3 | AD7: 104.7
A8: Rural+Urban | B8: 2013 | C8: February | D8: 110.4 | E8: 110.2 | F8: 112.8 | G8: 104.9 | H8: 105.5 | I8: 103.6 | J8: 103.2 | K8: 105.3 | L8: 105.1 | M8: 102.8 | N8: 105.5 | O8: 108.3 | P8: 106.6 | Q8: 105.7 | R8: 106.9 | S8: 106 | T8: 106.8 | U8: 100.4 | V8: 106 | W8: 105.2 | X8: 104.5 | Y8: 104.2 | Z8: 103.6 | AA8: 103.9 | AB8: 104.5 | AC8: 104.4 | AD8: 105.3
A9: Rural | B9: 2013 | C9: March | D9: 110.2 | E9: 108.8 | F9: 109.9 | G9: 105.6 | H9: 106.2 | I9: 105.7 | J9: 101.4 | K9: 105.7 | L9: 105 | M9: 103.3 | N9: 105.6 | O9: 108.2 | P9: 106.6 | Q9: 106.5 | R9: 107.6 | S9: 106.8 | T9: 107.5 | U9: NA | V9: 106.1 | W9: 105.6 | X9: 104.7 | Y9: 104.6 | Z9: 104 | AA9: 104.3 | AB9: 104.3 | AC9: 104.6 | AD9: 106
A10: Urban | B10: 2013 | C10: March | D10: 113.9 | E10: 111.4 | F10: 113.2 | G10: 104.3 | H10: 102.7 | I10: 104.9 | J10: 103.8 | K10: 103.5 | L10: 102.6 | M10: 102.4 | N10: 107 | O10: 109.8 | P10: 107.3 | Q10: 106.8 | R10: 107.2 | S10: 106 | T10: 107 | U10: 100.4 | V10: 106 | W10: 105.7 | X10: 105.2 | Y10: 105.5 | Z10: 103.5 | AA10: 103.8 | AB10: 104.2 | AC10: 104.9 | AD10: 105
A11: Rural+Urban | B11: 2013 | C11: March | D11: 111.4 | E11: 109.7 | F11: 111.2 | G11: 105.1 | H11: 104.9 | I11: 105.3 | J11: 102.2 | K11: 105 | L11: 104.2 | M11: 103 | N11: 106.2 | O11: 108.9 | P11: 106.9 | Q11: 106.6 | R11: 107.4 | S11: 106.5 | T11: 107.3 | U11: 100.4 | V11: 106.1 | W11: 105.6 | X11: 104.9 | Y11: 105.1 | Z11: 103.7 | AA11: 104 | AB11: 104.3 | AC11: 104.7 | AD11: 105.5
A12: Rural | B12: 2013 | C12: April | D12: 110.2 | E12: 109.5 | F12: 106.9 | G12: 106.3 | H12: 105.7 | I12: 108.3 | J12: 103.4 | K12: 105.7 | L12: 104.2 | M12: 103.2 | N12: 106.5 | O12: 108.8 | P12: 107.1 | Q12: 107.1 | R12: 108.1 | S12: 107.4 | T12: 108 | U12: NA | V12: 106.5 | W12: 106.1 | X12: 105.1 | Y12: 104.4 | Z12: 104.5 | AA12: 104.8 | AB12: 102.7 | AC12: 104.6 | AD12: 106.4
A13: Urban | B13: 2013 | C13: April | D13: 114.6 | E13: 113.4 | F13: 106 | G13: 104.7 | H13: 102.1 | I13: 109.5 | J13: 109.7 | K13: 104.6 | L13: 102 | M13: 103.5 | N13: 108.2 | O13: 110.6 | P13: 108.8 | Q13: 108.5 | R13: 107.9 | S13: 106.4 | T13: 107.7 | U13: 100.5 | V13: 106.4 | W13: 106.5 | X13: 105.7 | Y13: 105 | Z13: 104 | AA13: 105.2 | AB13: 103.2 | AC13: 105.1 | AD13: 105.7
A14: Rural+Urban | B14: 2013 | C14: April | D14: 111.6 | E14: 110.9 | F14: 106.6 | G14: 105.7 | H14: 104.4 | I14: 108.9 | J14: 105.5 | K14: 105.3 | L14: 103.5 | M14: 103.3 | N14: 107.2 | O14: 109.6 | P14: 107.7 | Q14: 107.5 | R14: 108 | S14: 107 | T14: 107.9 | U14: 100.5 | V14: 106.5 | W14: 106.3 | X14: 105.3 | Y14: 104.7 | Z14: 104.2 | AA14: 105 | AB14: 102.9 | AC14: 104.8 | AD14: 106.1
A15: Rural | B15: 2013 | C15: May | D15: 110.9 | E15: 109.8 | F15: 105.9 | G15: 107.5 | H15: 105.3 | I15: 108.1 | J15: 107.3 | K15: 106.1 | L15: 103.7 | M15: 104 | N15: 107.4 | O15: 109.9 | P15: 108.1 | Q15: 108.1 | R15: 108.8 | S15: 107.9 | T15: 108.6 | U15: NA | V15: 107.5 | W15: 106.8 | X15: 105.7 | Y15: 104.1 | Z15: 105 | AA15: 105.5 | AB15: 102.1 | AC15: 104.8 | AD15: 107.2
A16: Urban | B16: 2013 | C16: May | D16: 115.4 | E16: 114.2 | F16: 102.7 | G16: 105.5 | H16: 101.5 | I16: 110.6 | J16: 123.7 | K16: 105.2 | L16: 101.9 | M16: 105 | N16: 109.1 | O16: 111.3 | P16: 111.1 | Q16: 109.8 | R16: 108.5 | S16: 106.7 | T16: 108.3 | U16: 100.5 | V16: 107.2 | W16: 107.1 | X16: 106.2 | Y16: 103.9 | Z16: 104.6 | AA16: 105.7 | AB16: 102.6 | AC16: 104.9 | AD16: 106.6
A17: Rural+Urban | B17: 2013 | C17: May | D17: 112.3 | E17: 111.3 | F17: 104.7 | G17: 106.8 | H17: 103.9 | I17: 109.3 | J17: 112.9 | K17: 105.8 | L17: 103.1 | M17: 104.3 | N17: 108.1 | O17: 110.5 | P17: 109.2 | Q17: 108.6 | R17: 108.7 | S17: 107.4 | T17: 108.5 | U17: 100.5 | V17: 107.4 | W17: 106.9 | X17: 105.9 | Y17: 104 | Z17: 104.8 | AA17: 105.6 | AB17: 102.3 | AC17: 104.8 | AD17: 106.9
A18: Rural | B18: 2013 | C18: June | D18: 112.3 | E18: 112.1 | F18: 108.1 | G18: 108.3 | H18: 105.9 | I18: 109.2 | J18: 118 | K18: 106.8 | L18: 104.1 | M18: 105.4 | N18: 108.2 | O18: 111 | P18: 110.6 | Q18: 109 | R18: 109.7 | S18: 108.8 | T18: 109.5 | U18: NA | V18: 108.5 | W18: 107.5 | X18: 106.3 | Y18: 105 | Z18: 105.6 | AA18: 106.5 | AB18: 102.5 | AC18: 105.5 | AD18: 108.9
A19: Urban | B19: 2013 | C19: June | D19: 117 | E19: 120.1 | F19: 112.5 | G19: 107.3 | H19: 101.3 | I19: 112.4 | J19: 143.6 | K19: 105.4 | L19: 101.4 | M19: 106.4 | N19: 110 | O19: 112.2 | P19: 115 | Q19: 110.9 | R19: 109.2 | S19: 107.2 | T19: 108.9 | U19: 106.6 | V19: 108 | W19: 107.7 | X19: 106.5 | Y19: 105.2 | Z19: 105.2 | AA19: 108.1 | AB19: 103.3 | AC19: 106.1 | AD19: 109.7
A20: Rural+Urban | B20: 2013 | C20: June | D20: 113.8 | E20: 114.9 | F20: 109.8 | G20: 107.9 | H20: 104.2 | I20: 110.7 | J20: 126.7 | K20: 106.3 | L20: 103.2 | M20: 105.7 | N20: 109 | O20: 111.6 | P20: 112.2 | Q20: 109.5 | R20: 109.5 | S20: 108.1 | T20: 109.3 | U20: 106.6 | V20: 108.3 | W20: 107.6 | X20: 106.4 | Y20: 105.1 | Z20: 105.4 | AA20: 107.4 | AB20: 102.8 | AC20: 105.8 | AD20: 109.3
A21: Rural | B21: 2013 | C21: July | D21: 113.4 | E21: 114.9 | F21: 110.5 | G21: 109.3 | H21: 106.2 | I21: 110.3 | J21: 129.2 | K21: 107.1 | L21: 104.3 | M21: 106.4 | N21: 109.1 | O21: 112.1 | P21: 113.1 | Q21: 109.8 | R21: 110.5 | S21: 109.5 | T21: 110.3 | U21: NA | V21: 109.5 | W21: 108.3 | X21: 106.9 | Y21: 106.8 | Z21: 106.4 | AA21: 107.8 | AB21: 102.5 | AC21: 106.5 | AD21: 110.7
A22: Urban | B22: 2013 | C22: July | D22: 117.8 | E22: 119.2 | F22: 114 | G22: 108.3 | H22: 101.1 | I22: 113.2 | J22: 160.9 | K22: 105.1 | L22: 101.3 | M22: 107.5 | N22: 110.4 | O22: 113.1 | P22: 117.5 | Q22: 111.7 | R22: 109.8 | S22: 107.8 | T22: 109.5 | U22: 107.7 | V22: 108.6 | W22: 108.1 | X22: 107.1 | Y22: 107.3 | Z22: 105.9 | AA22: 110.1 | AB22: 103.2 | AC22: 107.3 | AD22: 111.4
A23: Rural+Urban | B23: 2013 | C23: July | D23: 114.8 | E23: 116.4 | F23: 111.9 | G23: 108.9 | H23: 104.3 | I23: 111.7 | J23: 140 | K23: 106.4 | L23: 103.3 | M23: 106.8 | N23: 109.6 | O23: 112.6 | P23: 114.7 | Q23: 110.3 | R23: 110.2 | S23: 108.8 | T23: 110 | U23: 107.7 | V23: 109.2 | W23: 108.2 | X23: 107 | Y23: 107.1 | Z23: 106.1 | AA23: 109.1 | AB23: 102.8 | AC23: 106.9 | AD23: 111
A24: Rural | B24: 2013 | C24: August | D24: 114.3 | E24: 115.4 | F24: 111.1 | G24: 110 | H24: 106.4 | I24: 110.8 | J24: 138.9 | K24: 107.4 | L24: 104.1 | M24: 106.9 | N24: 109.7 | O24: 112.6 | P24: 114.9 | Q24: 110.7 | R24: 111.3 | S24: 110.2 | T24: 111.1 | U24: NA | V24: 109.9 | W24: 108.7 | X24: 107.5 | Y24: 107.8 | Z24: 106.8 | AA24: 108.7 | AB24: 105 | AC24: 107.5 | AD24: 112.1
A25: Urban | B25: 2013 | C25: August | D25: 118.3 | E25: 120.4 | F25: 112.7 | G25: 108.9 | H25: 101.1 | I25: 108.7 | J25: 177 | K25: 104.7 | L25: 101 | M25: 108.5 | N25: 110.9 | O25: 114.3 | P25: 119.6 | Q25: 112.4 | R25: 110.6 | S25: 108.3 | T25: 110.2 | U25: 108.9 | V25: 109.3 | W25: 108.7 | X25: 107.6 | Y25: 108.1 | Z25: 106.5 | AA25: 110.8 | AB25: 106 | AC25: 108.3 | AD25: 112.7
A26: Rural+Urban | B26: 2013 | C26: August | D26: 115.6 | E26: 117.2 | F26: 111.7 | G26: 109.6 | H26: 104.5 | I26: 109.8 | J26: 151.8 | K26: 106.5 | L26: 103.1 | M26: 107.4 | N26: 110.2 | O26: 113.4 | P26: 116.6 | Q26: 111.2 | R26: 111 | S26: 109.4 | T26: 110.7 | U26: 108.9 | V26: 109.7 | W26: 108.7 | X26: 107.5 | Y26: 108 | Z26: 106.6 | AA26: 109.9 | AB26: 105.4 | AC26: 107.9 | AD26: 112.4
A27: Rural | B27: 2013 | C27: September | D27: 115.4 | E27: 115.7 | F27: 111.7 | G27: 111 | H27: 107.4 | I27: 110.9 | J27: 154 | K27: 108.1 | L27: 104.2 | M27: 107.9 | N27: 110.4 | O27: 114 | P27: 117.8 | Q27: 111.7 | R27: 112.7 | S27: 111.4 | T27: 112.5 | U27: NA | V27: 111.1 | W27: 109.6 | X27: 108.3 | Y27: 109.3 | Z27: 107.7 | AA27: 109.8 | AB27: 106.7 | AC27: 108.7 | AD27: 114.2
A28: Urban | B28: 2013 | C28: September | D28: 118.6 | E28: 119.1 | F28: 113.2 | G28: 109.6 | H28: 101.7 | I28: 103.2 | J28: 174.3 | K28: 105.1 | L28: 100.8 | M28: 109.1 | N28: 111.1 | O28: 115.4 | P28: 119.2 | Q28: 112.9 | R28: 111.4 | S28: 109 | T28: 111.1 | U28: 109.7 | V28: 109.5 | W28: 109.6 | X28: 107.9 | Y28: 110.4 | Z28: 107.4 | AA28: 111.2 | AB28: 106.9 | AC28: 109.4 | AD28: 113.2
A29: Rural+Urban | B29: 2013 | C29: September | D29: 116.4 | E29: 116.9 | F29: 112.3 | G29: 110.5 | H29: 105.3 | I29: 107.3 | J29: 160.9 | K29: 107.1 | L29: 103.1 | M29: 108.3 | N29: 110.7 | O29: 114.6 | P29: 118.3 | Q29: 112 | R29: 112.2 | S29: 110.4 | T29: 111.9 | U29: 109.7 | V29: 110.5 | W29: 109.6 | X29: 108.1 | Y29: 109.9 | Z29: 107.5 | AA29: 110.6 | AB29: 106.8 | AC29: 109 | AD29: 113.7
A30: Rural | B30: 2013 | C30: October | D30: 116.3 | E30: 115.4 | F30: 112.6 | G30: 111.7 | H30: 107.7 | I30: 113.2 | J30: 164.9 | K30: 108.3 | L30: 103.9 | M30: 108.2 | N30: 111.1 | O30: 114.9 | P30: 119.8 | Q30: 112.2 | R30: 113.6 | S30: 112.3 | T30: 113.4 | U30: NA | V30: 111.6 | W30: 110.4 | X30: 108.9 | Y30: 109.3 | Z30: 108.3 | AA30: 110.2 | AB30: 107.5 | AC30: 109.1 | AD30: 115.5
A31: Urban | B31: 2013 | C31: October | D31: 118.9 | E31: 118.1 | F31: 114.5 | G31: 110.4 | H31: 102.3 | I31: 106.2 | J31: 183.5 | K31: 105.3 | L31: 100.2 | M31: 109.6 | N31: 111.4 | O31: 116 | P31: 120.8 | Q31: 113.5 | R31: 112.5 | S31: 109.7 | T31: 112 | U31: 110.5 | V31: 109.7 | W31: 110.2 | X31: 108.2 | Y31: 109.7 | Z31: 108 | AA31: 111.3 | AB31: 107.3 | AC31: 109.4 | AD31: 114
A32: Rural+Urban | B32: 2013 | C32: October | D32: 117.1 | E32: 116.3 | F32: 113.3 | G32: 111.2 | H32: 105.7 | I32: 109.9 | J32: 171.2 | K32: 107.3 | L32: 102.7 | M32: 108.7 | N32: 111.2 | O32: 115.4 | P32: 120.2 | Q32: 112.5 | R32: 113.2 | S32: 111.2 | T32: 112.8 | U32: 110.5 | V32: 110.9 | W32: 110.3 | X32: 108.6 | Y32: 109.5 | Z32: 108.1 | AA32: 110.8 | AB32: 107.4 | AC32: 109.2 | AD32: 114.8
A33: Rural | B33: 2013 | C33: November | D33: 117.3 | E33: 114.9 | F33: 116.2 | G33: 112.8 | H33: 108.9 | I33: 116.6 | J33: 178.1 | K33: 109.1 | L33: 103.6 | M33: 109 | N33: 111.8 | O33: 116 | P33: 122.5 | Q33: 112.8 | R33: 114.6 | S33: 113.1 | T33: 114.4 | U33: NA | V33: 112.6 | W33: 111.3 | X33: 109.7 | Y33: 109.6 | Z33: 108.7 | AA33: 111 | AB33: 108.2 | AC33: 109.8 | AD33: 117.4
A34: Urban | B34: 2013 | C34: November | D34: 119.8 | E34: 116.3 | F34: 122.6 | G34: 112 | H34: 103.2 | I34: 110 | J34: 192.8 | K34: 106.3 | L34: 99.5 | M34: 110.3 | N34: 111.8 | O34: 117.1 | P34: 122.9 | Q34: 114.1 | R34: 113.5 | S34: 110.3 | T34: 113 | U34: 111.1 | V34: 110 | W34: 110.9 | X34: 108.6 | Y34: 109.5 | Z34: 108.5 | AA34: 111.3 | AB34: 107.9 | AC34: 109.6 | AD34: 115
A35: Rural+Urban | B35: 2013 | C35: November | D35: 118.1 | E35: 115.4 | F35: 118.7 | G35: 112.5 | H35: 106.8 | I35: 113.5 | J35: 183.1 | K35: 108.2 | L35: 102.2 | M35: 109.4 | N35: 111.8 | O35: 116.5 | P35: 122.6 | Q35: 113.1 | R35: 114.2 | S35: 111.9 | T35: 113.8 | U35: 111.1 | V35: 111.6 | W35: 111.1 | X35: 109.3 | Y35: 109.5 | Z35: 108.6 | AA35: 111.2 | AB35: 108.1 | AC35: 109.7 | AD35: 116.3
A36: Rural | B36: 2013 | C36: December | D36: 118.4 | E36: 115.9 | F36: 120.4 | G36: 113.8 | H36: 109.5 | I36: 115.5 | J36: 145.7 | K36: 109.5 | L36: 102.9 | M36: 109.8 | N36: 112.1 | O36: 116.8 | P36: 118.7 | Q36: 113.6 | R36: 115.8 | S36: 114 | T36: 115.5 | U36: NA | V36: 112.8 | W36: 112.1 | X36: 110.1 | Y36: 109.9 | Z36: 109.2 | AA36: 111.6 | AB36: 108.1 | AC36: 110.1 | AD36: 115.5
A37: Urban | B37: 2013 | C37: December | D37: 120.5 | E37: 118.1 | F37: 128.5 | G37: 112.8 | H37: 103.4 | I37: 110.7 | J37: 144.8 | K37: 107.1 | L37: 98.6 | M37: 111.9 | N37: 112.1 | O37: 118.1 | P37: 117.8 | Q37: 115 | R37: 114.2 | S37: 110.9 | T37: 113.7 | U37: 110.7 | V37: 110.4 | W37: 111.3 | X37: 109 | Y37: 109.7 | Z37: 108.9 | AA37: 111.4 | AB37: 107.7 | AC37: 109.8 | AD37: 113.3
A38: Rural+Urban | B38: 2013 | C38: December | D38: 119.1 | E38: 116.7 | F38: 123.5 | G38: 113.4 | H38: 107.3 | I38: 113.3 | J38: 145.4 | K38: 108.7 | L38: 101.5 | M38: 110.5 | N38: 112.1 | O38: 117.4 | P38: 118.4 | Q38: 114 | R38: 115.2 | S38: 112.7 | T38: 114.8 | U38: 110.7 | V38: 111.9 | W38: 111.7 | X38: 109.7 | Y38: 109.8 | Z38: 109 | AA38: 111.5 | AB38: 107.9 | AC38: 110 | AD38: 114.5
A39: Rural | B39: 2014 | C39: January | D39: 118.9 | E39: 117.1 | F39: 120.5 | G39: 114.4 | H39: 109 | I39: 115.5 | J39: 123.9 | K39: 109.6 | L39: 101.8 | M39: 110.2 | N39: 112.4 | O39: 117.3 | P39: 116 | Q39: 114 | R39: 116.5 | S39: 114.5 | T39: 116.2 | U39: NA | V39: 113 | W39: 112.6 | X39: 110.6 | Y39: 110.5 | Z39: 109.6 | AA39: 111.8 | AB39: 108.3 | AC39: 110.6 | AD39: 114.2
A40: Urban | B40: 2014 | C40: January | D40: 121.2 | E40: 122 | F40: 129.9 | G40: 113.6 | H40: 102.9 | I40: 112.1 | J40: 118.9 | K40: 107.5 | L40: 96.9 | M40: 112.7 | N40: 112.1 | O40: 119 | P40: 115.5 | Q40: 115.7 | R40: 114.8 | S40: 111.3 | T40: 114.3 | U40: 111.6 | V40: 111 | W40: 111.9 | X40: 109.7 | Y40: 110.8 | Z40: 109.8 | AA40: 111.5 | AB40: 108 | AC40: 110.5 | AD40: 112.9
A41: Rural+Urban | B41: 2014 | C41: January | D41: 119.6 | E41: 118.8 | F41: 124.1 | G41: 114.1 | H41: 106.8 | I41: 113.9 | J41: 122.2 | K41: 108.9 | L41: 100.2 | M41: 111 | N41: 112.3 | O41: 118.1 | P41: 115.8 | Q41: 114.5 | R41: 115.8 | S41: 113.2 | T41: 115.4 | U41: 111.6 | V41: 112.2 | W41: 112.3 | X41: 110.3 | Y41: 110.7 | Z41: 109.7 | AA41: 111.6 | AB41: 108.2 | AC41: 110.6 | AD41: 113.6
A42: Rural | B42: 2014 | C42: February | D42: 119.4 | E42: 117.7 | F42: 121.2 | G42: 115 | H42: 109 | I42: 116.6 | J42: 116 | K42: 109.8 | L42: 101.1 | M42: 110.4 | N42: 112.9 | O42: 117.8 | P42: 115.3 | Q42: 114.2 | R42: 117.1 | S42: 114.5 | T42: 116.7 | U42: NA | V42: 113.2 | W42: 112.9 | X42: 110.9 | Y42: 110.8 | Z42: 109.9 | AA42: 112 | AB42: 108.7 | AC42: 110.9 | AD42: 114
A43: Urban | B43: 2014 | C43: February | D43: 121.9 | E43: 122 | F43: 124.5 | G43: 115.2 | H43: 102.5 | I43: 114.1 | J43: 111.5 | K43: 108.2 | L43: 95.4 | M43: 113.5 | N43: 112.1 | O43: 119.9 | P43: 115.2 | Q43: 116.2 | R43: 115.3 | S43: 111.7 | T43: 114.7 | U43: 112.5 | V43: 111.1 | W43: 112.6 | X43: 110.4 | Y43: 111.3 | Z43: 110.3 | AA43: 111.6 | AB43: 108.7 | AC43: 111 | AD43: 113.1
A44: Rural+Urban | B44: 2014 | C44: February | D44: 120.2 | E44: 119.2 | F44: 122.5 | G44: 115.1 | H44: 106.6 | I44: 115.4 | J44: 114.5 | K44: 109.3 | L44: 99.2 | M44: 111.4 | N44: 112.6 | O44: 118.8 | P44: 115.3 | Q44: 114.7 | R44: 116.4 | S44: 113.3 | T44: 115.9 | U44: 112.5 | V44: 112.4 | W44: 112.8 | X44: 110.7 | Y44: 111.1 | Z44: 110.1 | AA44: 111.8 | AB44: 108.7 | AC44: 110.9 | AD44: 113.6
A45: Rural | B45: 2014 | C45: March | D45: 120.1 | E45: 118.1 | F45: 120.7 | G45: 116.1 | H45: 109.3 | I45: 119.6 | J45: 117.9 | K45: 110.2 | L45: 101.2 | M45: 110.7 | N45: 113 | O45: 118.3 | P45: 116.2 | Q45: 114.6 | R45: 117.5 | S45: 114.9 | T45: 117.2 | U45: NA | V45: 113.4 | W45: 113.4 | X45: 111.4 | Y45: 111.2 | Z45: 110.2 | AA45: 112.4 | AB45: 108.9 | AC45: 111.3 | AD45: 114.6
A46: Urban | B46: 2014 | C46: March | D46: 122.1 | E46: 121.4 | F46: 121.5 | G46: 116.2 | H46: 102.8 | I46: 117.7 | J46: 113.3 | K46: 108.9 | L46: 96.3 | M46: 114.1 | N46: 112.2 | O46: 120.5 | P46: 116 | Q46: 116.7 | R46: 115.8 | S46: 112.1 | T46: 115.2 | U46: 113.2 | V46: 110.9 | W46: 113 | X46: 110.8 | Y46: 111.6 | Z46: 110.9 | AA46: 111.8 | AB46: 109.2 | AC46: 111.4 | AD46: 113.7
A47: Rural+Urban | B47: 2014 | C47: Marcrh | D47: 120.7 | E47: 119.3 | F47: 121 | G47: 116.1 | H47: 106.9 | I47: 118.7 | J47: 116.3 | K47: 109.8 | L47: 99.6 | M47: 111.8 | N47: 112.7 | O47: 119.3 | P47: 116.1 | Q47: 115.2 | R47: 116.8 | S47: 113.7 | T47: 116.4 | U47: 113.2 | V47: 112.5 | W47: 113.2 | X47: 111.2 | Y47: 111.4 | Z47: 110.6 | AA47: 112 | AB47: 109 | AC47: 111.3 | AD47: 114.2
A48: Rural | B48: 2014 | C48: April | D48: 120.2 | E48: 118.9 | F48: 118.1 | G48: 117 | H48: 109.7 | I48: 125.5 | J48: 120.5 | K48: 111 | L48: 102.6 | M48: 111.2 | N48: 113.5 | O48: 118.7 | P48: 117.2 | Q48: 115.4 | R48: 118.1 | S48: 116.1 | T48: 117.8 | U48: NA | V48: 113.4 | W48: 113.7 | X48: 111.8 | Y48: 111.2 | Z48: 110.5 | AA48: 113 | AB48: 108.9 | AC48: 111.5 | AD48: 115.4
A49: Urban | B49: 2014 | C49: April | D49: 122.5 | E49: 121.7 | F49: 113.3 | G49: 117 | H49: 103.1 | I49: 126.7 | J49: 121.2 | K49: 111 | L49: 100.3 | M49: 115.3 | N49: 112.7 | O49: 121 | P49: 118.2 | Q49: 117.6 | R49: 116.3 | S49: 112.5 | T49: 115.7 | U49: 113.9 | V49: 110.9 | W49: 113.4 | X49: 111 | Y49: 111.2 | Z49: 111.2 | AA49: 112.5 | AB49: 109.1 | AC49: 111.4 | AD49: 114.7
A50: Rural+Urban | B50: 2014 | C50: April | D50: 120.9 | E50: 119.9 | F50: 116.2 | G50: 117 | H50: 107.3 | I50: 126.1 | J50: 120.7 | K50: 111 | L50: 101.8 | M50: 112.6 | N50: 113.2 | O50: 119.8 | P50: 117.6 | Q50: 116 | R50: 117.4 | S50: 114.6 | T50: 117 | U50: 113.9 | V50: 112.5 | W50: 113.6 | X50: 111.5 | Y50: 111.2 | Z50: 110.9 | AA50: 112.7 | AB50: 109 | AC50: 111.5 | AD50: 115.1
A51: Rural | B51: 2014 | C51: May | D51: 120.3 | E51: 120.2 | F51: 116.9 | G51: 118 | H51: 110.1 | I51: 126.3 | J51: 123.9 | K51: 111.5 | L51: 103.5 | M51: 111.6 | N51: 114.2 | O51: 119.2 | P51: 118.2 | Q51: 116.3 | R51: 118.7 | S51: 116.8 | T51: 118.5 | U51: NA | V51: 113.4 | W51: 114.1 | X51: 112.1 | Y51: 111.4 | Z51: 110.9 | AA51: 113.1 | AB51: 108.9 | AC51: 111.8 | AD51: 116
A52: Urban | B52: 2014 | C52: May | D52: 122.7 | E52: 124.1 | F52: 114.2 | G52: 119.1 | H52: 103.5 | I52: 129.2 | J52: 127 | K52: 112.6 | L52: 101.3 | M52: 117 | N52: 112.9 | O52: 121.7 | P52: 120 | Q52: 118.3 | R52: 116.8 | S52: 112.9 | T52: 116.2 | U52: 114.3 | V52: 111.1 | W52: 114.1 | X52: 111.2 | Y52: 111.3 | Z52: 111.5 | AA52: 112.9 | AB52: 109.3 | AC52: 111.7 | AD52: 115.6
A53: Rural+Urban | B53: 2014 | C53: May | D53: 121.1 | E53: 121.6 | F53: 115.9 | G53: 118.4 | H53: 107.7 | I53: 127.7 | J53: 125 | K53: 111.9 | L53: 102.8 | M53: 113.4 | N53: 113.7 | O53: 120.4 | P53: 118.9 | Q53: 116.8 | R53: 118 | S53: 115.2 | T53: 117.6 | U53: 114.3 | V53: 112.5 | W53: 114.1 | X53: 111.8 | Y53: 111.3 | Z53: 111.2 | AA53: 113 | AB53: 109.1 | AC53: 111.8 | AD53: 115.8
A54: Rural | B54: 2014 | C54: June | D54: 120.7 | E54: 121.6 | F54: 116.1 | G54: 119.3 | H54: 110.3 | I54: 125.8 | J54: 129.3 | K54: 112.2 | L54: 103.6 | M54: 112.3 | N54: 114.9 | O54: 120.1 | P54: 119.5 | Q54: 117.3 | R54: 119.7 | S54: 117.3 | T54: 119.3 | U54: NA | V54: 114.4 | W54: 114.9 | X54: 112.8 | Y54: 112.2 | Z54: 111.4 | AA54: 114.3 | AB54: 108 | AC54: 112.3 | AD54: 117
A55: Urban | B55: 2014 | C55: June | D55: 123.1 | E55: 125.9 | F55: 115.4 | G55: 120.4 | H55: 103.4 | I55: 131.2 | J55: 137.5 | K55: 112.8 | L55: 101.4 | M55: 118.3 | N55: 113.2 | O55: 122.4 | P55: 122 | Q55: 119 | R55: 117.4 | S55: 113.2 | T55: 116.7 | U55: 113.9 | V55: 111.2 | W55: 114.3 | X55: 111.4 | Y55: 111.5 | Z55: 111.8 | AA55: 115.1 | AB55: 108.7 | AC55: 112.2 | AD55: 116.4
A56: Rural+Urban | B56: 2014 | C56: June | D56: 121.5 | E56: 123.1 | F56: 115.8 | G56: 119.7 | H56: 107.8 | I56: 128.3 | J56: 132.1 | K56: 112.4 | L56: 102.9 | M56: 114.3 | N56: 114.2 | O56: 121.2 | P56: 120.4 | Q56: 117.8 | R56: 118.8 | S56: 115.6 | T56: 118.3 | U56: 113.9 | V56: 113.2 | W56: 114.6 | X56: 112.3 | Y56: 111.8 | Z56: 111.6 | AA56: 114.8 | AB56: 108.3 | AC56: 112.3 | AD56: 116.7
A57: Rural | B57: 2014 | C57: July | D57: 121.7 | E57: 122.5 | F57: 117.7 | G57: 120.6 | H57: 110.4 | I57: 129.1 | J57: 150.1 | K57: 113.2 | L57: 104.8 | M57: 113.3 | N57: 115.6 | O57: 120.9 | P57: 123.3 | Q57: 118 | R57: 120.7 | S57: 118.3 | T57: 120.3 | U57: NA | V57: 115.3 | W57: 115.4 | X57: 113.4 | Y57: 113.2 | Z57: 111.8 | AA57: 115.5 | AB57: 108.8 | AC57: 113.1 | AD57: 119.5
A58: Urban | B58: 2014 | C58: July | D58: 123.8 | E58: 126.4 | F58: 118 | G58: 121.6 | H58: 103.5 | I58: 133.7 | J58: 172.4 | K58: 113.1 | L58: 102.7 | M58: 120 | N58: 113.8 | O58: 123.4 | P58: 127.1 | Q58: 121 | R58: 118 | S58: 113.6 | T58: 117.4 | U58: 114.8 | V58: 111.6 | W58: 114.9 | X58: 111.5 | Y58: 113 | Z58: 112.4 | AA58: 117.8 | AB58: 109.7 | AC58: 113.5 | AD58: 118.9
A59: Rural+Urban | B59: 2014 | C59: July | D59: 122.4 | E59: 123.9 | F59: 117.8 | G59: 121 | H59: 107.9 | I59: 131.2 | J59: 157.7 | K59: 113.2 | L59: 104.1 | M59: 115.5 | N59: 114.8 | O59: 122.1 | P59: 124.7 | Q59: 118.8 | R59: 119.6 | S59: 116.3 | T59: 119.1 | U59: 114.8 | V59: 113.9 | W59: 115.2 | X59: 112.7 | Y59: 113.1 | Z59: 112.1 | AA59: 116.8 | AB59: 109.2 | AC59: 113.3 | AD59: 119.2
A60: Rural | B60: 2014 | C60: August | D60: 121.8 | E60: 122.8 | F60: 117.8 | G60: 121.9 | H60: 110.6 | I60: 129.7 | J60: 161.1 | K60: 114.1 | L60: 105.1 | M60: 114.6 | N60: 115.8 | O60: 121.7 | P60: 125.3 | Q60: 118.8 | R60: 120.9 | S60: 118.8 | T60: 120.7 | U60: NA | V60: 115.4 | W60: 115.9 | X60: 114 | Y60: 113.2 | Z60: 112.2 | AA60: 116.2 | AB60: 109.4 | AC60: 113.5 | AD60: 120.7
A61: Urban | B61: 2014 | C61: August | D61: 124.8 | E61: 127.3 | F61: 116.5 | G61: 122.2 | H61: 103.6 | I61: 132.7 | J61: 181.9 | K61: 115.2 | L61: 102.7 | M61: 122.1 | N61: 114.4 | O61: 124.7 | P61: 128.9 | Q61: 123 | R61: 118.6 | S61: 114.1 | T61: 117.9 | U61: 115.5 | V61: 111.8 | W61: 115.3 | X61: 112.2 | Y61: 112.5 | Z61: 112.9 | AA61: 119.2 | AB61: 110.5 | AC61: 113.9 | AD61: 119.9
A62: Rural+Urban | B62: 2014 | C62: August | D62: 122.7 | E62: 124.4 | F62: 117.3 | G62: 122 | H62: 108 | I62: 131.1 | J62: 168.2 | K62: 114.5 | L62: 104.3 | M62: 117.1 | N62: 115.2 | O62: 123.1 | P62: 126.6 | Q62: 119.9 | R62: 120 | S62: 116.8 | T62: 119.6 | U62: 115.5 | V62: 114 | W62: 115.6 | X62: 113.3 | Y62: 112.8 | Z62: 112.6 | AA62: 118 | AB62: 109.9 | AC62: 113.7 | AD62: 120.3
A63: Rural | B63: 2014 | C63: September | D63: 122.3 | E63: 122.4 | F63: 117.8 | G63: 122.7 | H63: 110.4 | I63: 129.8 | J63: 158.8 | K63: 115 | L63: 104.7 | M63: 114.9 | N63: 116.5 | O63: 122.6 | P63: 125.3 | Q63: 119.5 | R63: 121.7 | S63: 119.2 | T63: 121.3 | U63: NA | V63: 115.8 | W63: 116.7 | X63: 114.5 | Y63: 112.8 | Z63: 112.6 | AA63: 116.6 | AB63: 109.1 | AC63: 113.7 | AD63: 120.9
A64: Urban | B64: 2014 | C64: September | D64: 124.2 | E64: 125.4 | F64: 116.4 | G64: 122.7 | H64: 103.5 | I64: 124.5 | J64: 168.6 | K64: 116.9 | L64: 101.9 | M64: 122.9 | N64: 114.8 | O64: 125.2 | P64: 126.7 | Q64: 124.3 | R64: 119.2 | S64: 114.5 | T64: 118.4 | U64: 116.1 | V64: 111.8 | W64: 115.5 | X64: 112.3 | Y64: 111.2 | Z64: 113.4 | AA64: 120 | AB64: 110 | AC64: 113.6 | AD64: 119.2
A65: Rural+Urban | B65: 2014 | C65: September | D65: 122.9 | E65: 123.5 | F65: 117.3 | G65: 122.7 | H65: 107.9 | I65: 127.3 | J65: 162.1 | K65: 115.6 | L65: 103.8 | M65: 117.6 | N65: 115.8 | O65: 123.8 | P65: 125.8 | Q65: 120.8 | R65: 120.7 | S65: 117.2 | T65: 120.1 | U65: 116.1 | V65: 114.3 | W65: 116.1 | X65: 113.7 | Y65: 112 | Z65: 113.1 | AA65: 118.6 | AB65: 109.5 | AC65: 113.7 | AD65: 120.1
A66: Rural | B66: 2014 | C66: October | D66: 122.6 | E66: 122.5 | F66: 118.3 | G66: 123.2 | H66: 110.5 | I66: 128.9 | J66: 155.3 | K66: 115.5 | L66: 104 | M66: 115.3 | N66: 116.8 | O66: 123.2 | P66: 125.1 | Q66: 120 | R66: 122.7 | S66: 120.3 | T66: 122.3 | U66: NA | V66: 116.4 | W66: 117.5 | X66: 115.3 | Y66: 112.6 | Z66: 113 | AA66: 116.9 | AB66: 109.3 | AC66: 114 | AD66: 121
A67: Urban | B67: 2014 | C67: October | D67: 124.6 | E67: 126.1 | F67: 117.8 | G67: 123.1 | H67: 103.5 | I67: 123.5 | J67: 159.6 | K67: 117.4 | L67: 101.2 | M67: 123.8 | N67: 115.2 | O67: 125.9 | P67: 125.8 | Q67: 124.3 | R67: 119.6 | S67: 114.9 | T67: 118.9 | U67: 116.7 | V67: 112 | W67: 115.8 | X67: 112.6 | Y67: 111 | Z67: 113.6 | AA67: 120.2 | AB67: 110.1 | AC67: 113.7 | AD67: 119.1
A68: Rural+Urban | B68: 2014 | C68: October | D68: 123.2 | E68: 123.8 | F68: 118.1 | G68: 123.2 | H68: 107.9 | I68: 126.4 | J68: 156.8 | K68: 116.1 | L68: 103.1 | M68: 118.1 | N68: 116.1 | O68: 124.5 | P68: 125.4 | Q68: 121.1 | R68: 121.5 | S68: 118.1 | T68: 121 | U68: 116.7 | V68: 114.7 | W68: 116.7 | X68: 114.3 | Y68: 111.8 | Z68: 113.3 | AA68: 118.8 | AB68: 109.6 | AC68: 113.9 | AD68: 120.1
A69: Rural | B69: 2014 | C69: November | D69: 122.7 | E69: 122.6 | F69: 119.9 | G69: 124 | H69: 110.5 | I69: 128.8 | J69: 152 | K69: 116.2 | L69: 103.3 | M69: 115.8 | N69: 116.8 | O69: 124.5 | P69: 124.9 | Q69: 120.8 | R69: 123.3 | S69: 120.5 | T69: 122.9 | U69: NA | V69: 117.3 | W69: 118.1 | X69: 115.9 | Y69: 112 | Z69: 113.3 | AA69: 117.2 | AB69: 108.8 | AC69: 114.1 | AD69: 121.1
A70: Urban | B70: 2014 | C70: November | D70: 124.5 | E70: 125.6 | F70: 122.7 | G70: 124.6 | H70: 103.2 | I70: 122.2 | J70: 153.2 | K70: 119.3 | L70: 99.8 | M70: 124.6 | N70: 115.8 | O70: 126.9 | P70: 125.4 | Q70: 125.8 | R70: 120.3 | S70: 115.4 | T70: 119.5 | U70: 117.1 | V70: 112.6 | W70: 116.4 | X70: 113 | Y70: 109.7 | Z70: 114 | AA70: 120.3 | AB70: 109.6 | AC70: 113.4 | AD70: 119
A71: Rural+Urban | B71: 2014 | C71: November | D71: 123.3 | E71: 123.7 | F71: 121 | G71: 124.2 | H71: 107.8 | I71: 125.7 | J71: 152.4 | K71: 117.2 | L71: 102.1 | M71: 118.7 | N71: 116.4 | O71: 125.6 | P71: 125.1 | Q71: 122.1 | R71: 122.1 | S71: 118.4 | T71: 121.6 | U71: 117.1 | V71: 115.5 | W71: 117.3 | X71: 114.8 | Y71: 110.8 | Z71: 113.7 | AA71: 119 | AB71: 109.1 | AC71: 113.8 | AD71: 120.1
A72: Rural | B72: 2014 | C72: December | D72: 122.4 | E72: 122.4 | F72: 121.8 | G72: 124.2 | H72: 110.2 | I72: 128.6 | J72: 140.3 | K72: 116.3 | L72: 102 | M72: 116 | N72: 117.3 | O72: 124.8 | P72: 123.3 | Q72: 121.7 | R72: 123.8 | S72: 120.6 | T72: 123.3 | U72: NA | V72: 117.4 | W72: 118.2 | X72: 116.2 | Y72: 111.5 | Z72: 113.3 | AA72: 117.7 | AB72: 109.4 | AC72: 114.2 | AD72: 120.3
A73: Urban | B73: 2014 | C73: December | D73: 124 | E73: 124.7 | F73: 126.3 | G73: 124.9 | H73: 103 | I73: 122.3 | J73: 141 | K73: 120.1 | L73: 97.8 | M73: 125.4 | N73: 116.1 | O73: 127.6 | P73: 124 | Q73: 126.4 | R73: 120.7 | S73: 115.8 | T73: 120 | U73: 116.5 | V73: 113 | W73: 116.8 | X73: 113.2 | Y73: 108.8 | Z73: 114.3 | AA73: 120.7 | AB73: 110.4 | AC73: 113.4 | AD73: 118.4
A74: Rural+Urban | B74: 2014 | C74: December | D74: 122.9 | E74: 123.2 | F74: 123.5 | G74: 124.5 | H74: 107.6 | I74: 125.7 | J74: 140.5 | K74: 117.6 | L74: 100.6 | M74: 119.1 | N74: 116.8 | O74: 126.1 | P74: 123.6 | Q74: 123 | R74: 122.6 | S74: 118.6 | T74: 122 | U74: 116.5 | V74: 115.7 | W74: 117.5 | X74: 115.1 | Y74: 110.1 | Z74: 113.9 | AA74: 119.5 | AB74: 109.8 | AC74: 113.8 | AD74: 119.4
A75: Rural | B75: 2015 | C75: January | D75: 123.1 | E75: 123.1 | F75: 122.1 | G75: 124.9 | H75: 111 | I75: 130.4 | J75: 132.3 | K75: 117.2 | L75: 100.5 | M75: 117.2 | N75: 117.9 | O75: 125.6 | P75: 122.8 | Q75: 122.7 | R75: 124.4 | S75: 121.6 | T75: 124 | U75: NA | V75: 118.4 | W75: 118.9 | X75: 116.6 | Y75: 111 | Z75: 114 | AA75: 118.2 | AB75: 110.2 | AC75: 114.5 | AD75: 120.3
A76: Urban | B76: 2015 | C76: January | D76: 124 | E76: 125.5 | F76: 126.6 | G76: 125.2 | H76: 104.3 | I76: 121.3 | J76: 134.4 | K76: 122.9 | L76: 96.1 | M76: 126.6 | N76: 116.5 | O76: 128 | P76: 123.5 | Q76: 127.4 | R76: 121 | S76: 116.1 | T76: 120.2 | U76: 117.3 | V76: 113.4 | W76: 117.2 | X76: 113.7 | Y76: 107.9 | Z76: 114.6 | AA76: 120.8 | AB76: 111.4 | AC76: 113.4 | AD76: 118.5
A77: Rural+Urban | B77: 2015 | C77: January | D77: 123.4 | E77: 123.9 | F77: 123.8 | G77: 125 | H77: 108.5 | I77: 126.2 | J77: 133 | K77: 119.1 | L77: 99 | M77: 120.3 | N77: 117.3 | O77: 126.7 | P77: 123.1 | Q77: 124 | R77: 123.1 | S77: 119.3 | T77: 122.5 | U77: 117.3 | V77: 116.5 | W77: 118.1 | X77: 115.5 | Y77: 109.4 | Z77: 114.3 | AA77: 119.7 | AB77: 110.7 | AC77: 114 | AD77: 119.5
A78: Rural | B78: 2015 | C78: February | D78: 123.4 | E78: 124.4 | F78: 122.1 | G78: 125.8 | H78: 111.5 | I78: 129.4 | J78: 128.2 | K78: 118.8 | L78: 100 | M78: 118.6 | N78: 118.8 | O78: 126.8 | P78: 122.8 | Q78: 124.2 | R78: 125.4 | S78: 122.7 | T78: 125 | U78: NA | V78: 120 | W78: 119.6 | X78: 117.7 | Y78: 110.9 | Z78: 114.8 | AA78: 118.7 | AB78: 110.8 | AC78: 115 | AD78: 120.6
A79: Urban | B79: 2015 | C79: February | D79: 124.3 | E79: 126.5 | F79: 119.5 | G79: 125.6 | H79: 104.9 | I79: 121.6 | J79: 131.8 | K79: 125.1 | L79: 95 | M79: 127.7 | N79: 116.8 | O79: 128.6 | P79: 123.7 | Q79: 128.1 | R79: 121.3 | S79: 116.5 | T79: 120.6 | U79: 118.1 | V79: 114 | W79: 117.7 | X79: 114.1 | Y79: 106.8 | Z79: 114.9 | AA79: 120.4 | AB79: 111.7 | AC79: 113.2 | AD79: 118.7
A80: Rural+Urban | B80: 2015 | C80: February | D80: 123.7 | E80: 125.1 | F80: 121.1 | G80: 125.7 | H80: 109.1 | I80: 125.8 | J80: 129.4 | K80: 120.9 | L80: 98.3 | M80: 121.6 | N80: 118 | O80: 127.6 | P80: 123.1 | Q80: 125.2 | R80: 123.8 | S80: 120.1 | T80: 123.3 | U80: 118.1 | V80: 117.7 | W80: 118.7 | X80: 116.3 | Y80: 108.7 | Z80: 114.9 | AA80: 119.7 | AB80: 111.2 | AC80: 114.1 | AD80: 119.7
A81: Rural | B81: 2015 | C81: March | D81: 123.3 | E81: 124.7 | F81: 118.9 | G81: 126 | H81: 111.8 | I81: 130.9 | J81: 128 | K81: 119.9 | L81: 98.9 | M81: 119.4 | N81: 118.9 | O81: 127.7 | P81: 123.1 | Q81: 124.7 | R81: 126 | S81: 122.9 | T81: 125.5 | U81: NA | V81: 120.6 | W81: 120.2 | X81: 118.2 | Y81: 111.6 | Z81: 115.5 | AA81: 119.4 | AB81: 110.8 | AC81: 115.5 | AD81: 121.1
A82: Urban | B82: 2015 | C82: March | D82: 124 | E82: 126.7 | F82: 113.5 | G82: 125.9 | H82: 104.8 | I82: 123.8 | J82: 131.4 | K82: 127.2 | L82: 93.2 | M82: 127.4 | N82: 117 | O82: 129.2 | P82: 123.9 | Q82: 128.8 | R82: 121.7 | S82: 116.9 | T82: 120.9 | U82: 118.6 | V82: 114.4 | W82: 118 | X82: 114.3 | Y82: 108.4 | Z82: 115.4 | AA82: 120.6 | AB82: 111.3 | AC82: 113.8 | AD82: 119.1
A83: Rural+Urban | B83: 2015 | C83: March | D83: 123.5 | E83: 125.4 | F83: 116.8 | G83: 126 | H83: 109.2 | I83: 127.6 | J83: 129.2 | K83: 122.4 | L83: 97 | M83: 122.1 | N83: 118.1 | O83: 128.4 | P83: 123.4 | Q83: 125.8 | R83: 124.3 | S83: 120.4 | T83: 123.7 | U83: 118.6 | V83: 118.3 | W83: 119.2 | X83: 116.7 | Y83: 109.9 | Z83: 115.4 | AA83: 120.1 | AB83: 111 | AC83: 114.7 | AD83: 120.2
A84: Rural | B84: 2015 | C84: April | D84: 123.3 | E84: 125.5 | F84: 117.2 | G84: 126.8 | H84: 111.9 | I84: 134.2 | J84: 127.5 | K84: 121.5 | L84: 97.8 | M84: 119.8 | N84: 119.4 | O84: 128.7 | P84: 123.6 | Q84: 125.7 | R84: 126.4 | S84: 123.3 | T84: 126 | U84: NA | V84: 121.2 | W84: 120.9 | X84: 118.6 | Y84: 111.9 | Z84: 116.2 | AA84: 119.9 | AB84: 111.6 | AC84: 116 | AD84: 121.5
A85: Urban | B85: 2015 | C85: April | D85: 123.8 | E85: 128.2 | F85: 110 | G85: 126.3 | H85: 104.5 | I85: 130.6 | J85: 130.8 | K85: 131.3 | L85: 91.6 | M85: 127.7 | N85: 117.2 | O85: 129.5 | P85: 124.6 | Q85: 130.1 | R85: 122.1 | S85: 117.2 | T85: 121.3 | U85: 119.2 | V85: 114.7 | W85: 118.4 | X85: 114.6 | Y85: 108.4 | Z85: 115.6 | AA85: 121.7 | AB85: 111.8 | AC85: 114.2 | AD85: 119.7
A86: Rural+Urban | B86: 2015 | C86: April | D86: 123.5 | E86: 126.4 | F86: 114.4 | G86: 126.6 | H86: 109.2 | I86: 132.5 | J86: 128.6 | K86: 124.8 | L86: 95.7 | M86: 122.4 | N86: 118.5 | O86: 129.1 | P86: 124 | Q86: 126.9 | R86: 124.7 | S86: 120.8 | T86: 124.1 | U86: 119.2 | V86: 118.7 | W86: 119.7 | X86: 117.1 | Y86: 110.1 | Z86: 115.9 | AA86: 121 | AB86: 111.7 | AC86: 115.1 | AD86: 120.7
A87: Rural | B87: 2015 | C87: May | D87: 123.5 | E87: 127.1 | F87: 117.3 | G87: 127.7 | H87: 112.5 | I87: 134.1 | J87: 128.5 | K87: 124.3 | L87: 97.6 | M87: 120.7 | N87: 120.2 | O87: 129.8 | P87: 124.4 | Q87: 126.7 | R87: 127.3 | S87: 124.1 | T87: 126.8 | U87: NA | V87: 121.9 | W87: 121.5 | X87: 119.4 | Y87: 113.3 | Z87: 116.7 | AA87: 120.5 | AB87: 112.3 | AC87: 116.9 | AD87: 122.4
A88: Urban | B88: 2015 | C88: May | D88: 123.8 | E88: 129.7 | F88: 111.3 | G88: 126.6 | H88: 105.2 | I88: 130.8 | J88: 135.6 | K88: 142.6 | L88: 90.8 | M88: 128.8 | N88: 117.7 | O88: 129.9 | P88: 126.1 | Q88: 131.3 | R88: 122.4 | S88: 117.4 | T88: 121.6 | U88: 119.6 | V88: 114.9 | W88: 118.7 | X88: 114.9 | Y88: 110.8 | Z88: 116 | AA88: 122 | AB88: 112.4 | AC88: 115.2 | AD88: 120.7
A89: Rural+Urban | B89: 2015 | C89: May | D89: 123.6 | E89: 128 | F89: 115 | G89: 127.3 | H89: 109.8 | I89: 132.6 | J89: 130.9 | K89: 130.5 | L89: 95.3 | M89: 123.4 | N89: 119.2 | O89: 129.8 | P89: 125 | Q89: 127.9 | R89: 125.4 | S89: 121.3 | T89: 124.7 | U89: 119.6 | V89: 119.2 | W89: 120.2 | X89: 117.7 | Y89: 112 | Z89: 116.3 | AA89: 121.4 | AB89: 112.3 | AC89: 116.1 | AD89: 121.6
A90: Rural | B90: 2015 | C90: June | D90: 124.1 | E90: 130.4 | F90: 122.1 | G90: 128.7 | H90: 114.1 | I90: 133.2 | J90: 135.2 | K90: 131.9 | L90: 96.3 | M90: 123 | N90: 121.1 | O90: 131.2 | P90: 126.6 | Q90: 128.2 | R90: 128.4 | S90: 125.1 | T90: 128 | U90: NA | V90: 122.6 | W90: 122.8 | X90: 120.4 | Y90: 114.2 | Z90: 117.9 | AA90: 122 | AB90: 113 | AC90: 117.9 | AD90: 124.1
A91: Urban | B91: 2015 | C91: June | D91: 123.6 | E91: 134.4 | F91: 120.9 | G91: 127.3 | H91: 106 | I91: 132.3 | J91: 146.7 | K91: 148.1 | L91: 89.8 | M91: 130.5 | N91: 118 | O91: 130.5 | P91: 128.5 | Q91: 132.1 | R91: 123.2 | S91: 117.6 | T91: 122.3 | U91: 119 | V91: 115.1 | W91: 119.2 | X91: 115.4 | Y91: 111.7 | Z91: 116.2 | AA91: 123.8 | AB91: 112.5 | AC91: 116 | AD91: 121.7
A92: Rural+Urban | B92: 2015 | C92: June | D92: 123.9 | E92: 131.8 | F92: 121.6 | G92: 128.2 | H92: 111.1 | I92: 132.8 | J92: 139.1 | K92: 137.4 | L92: 94.1 | M92: 125.5 | N92: 119.8 | O92: 130.9 | P92: 127.3 | Q92: 129.2 | R92: 126.4 | S92: 122 | T92: 125.7 | U92: 119 | V92: 119.8 | W92: 121.1 | X92: 118.5 | Y92: 112.9 | Z92: 116.9 | AA92: 123.1 | AB92: 112.8 | AC92: 117 | AD92: 123
A93: Rural | B93: 2015 | C93: July | D93: 124 | E93: 131.5 | F93: 122 | G93: 128.7 | H93: 113.5 | I93: 133.3 | J93: 140.8 | K93: 133.8 | L93: 94.1 | M93: 123.4 | N93: 121 | O93: 131.7 | P93: 127.5 | Q93: 129.4 | R93: 128.8 | S93: 125.5 | T93: 128.3 | U93: NA | V93: 123 | W93: 123 | X93: 120.8 | Y93: 114.1 | Z93: 118 | AA93: 122.9 | AB93: 112.7 | AC93: 118.1 | AD93: 124.7
A94: Urban | B94: 2015 | C94: July | D94: 123.2 | E94: 134.3 | F94: 119.5 | G94: 127.7 | H94: 106.3 | I94: 132.8 | J94: 153.5 | K94: 149.5 | L94: 85.7 | M94: 131.5 | N94: 118.3 | O94: 131.1 | P94: 129.5 | Q94: 133.1 | R94: 123.5 | S94: 117.9 | T94: 122.7 | U94: 119.9 | V94: 115.3 | W94: 119.5 | X94: 116 | Y94: 111.5 | Z94: 116.6 | AA94: 125.4 | AB94: 111.7 | AC94: 116.3 | AD94: 122.4
A95: Rural+Urban | B95: 2015 | C95: July | D95: 123.7 | E95: 132.5 | F95: 121 | G95: 128.3 | H95: 110.9 | I95: 133.1 | J95: 145.1 | K95: 139.1 | L95: 91.3 | M95: 126.1 | N95: 119.9 | O95: 131.4 | P95: 128.2 | Q95: 130.4 | R95: 126.7 | S95: 122.3 | T95: 126.1 | U95: 119.9 | V95: 120.1 | W95: 121.3 | X95: 119 | Y95: 112.7 | Z95: 117.2 | AA95: 124.4 | AB95: 112.3 | AC95: 117.2 | AD95: 123.6
A96: Rural | B96: 2015 | C96: August | D96: 124.7 | E96: 131.3 | F96: 121.3 | G96: 128.8 | H96: 114 | I96: 134.2 | J96: 153.6 | K96: 137.9 | L96: 93.1 | M96: 123.9 | N96: 121.5 | O96: 132.5 | P96: 129.8 | Q96: 130.1 | R96: 129.5 | S96: 126.3 | T96: 129 | U96: NA | V96: 123.8 | W96: 123.7 | X96: 121.1 | Y96: 113.6 | Z96: 118.5 | AA96: 123.6 | AB96: 112.5 | AC96: 118.2 | AD96: 126.1
A97: Urban | B97: 2015 | C97: August | D97: 123.1 | E97: 131.7 | F97: 118.1 | G97: 128 | H97: 106.8 | I97: 130.1 | J97: 165.5 | K97: 156 | L97: 85.3 | M97: 132.7 | N97: 118.8 | O97: 131.7 | P97: 131.1 | Q97: 134.2 | R97: 123.7 | S97: 118.2 | T97: 122.9 | U97: 120.9 | V97: 115.3 | W97: 120 | X97: 116.6 | Y97: 109.9 | Z97: 117.2 | AA97: 126.2 | AB97: 112 | AC97: 116.2 | AD97: 123.2
A98: Rural+Urban | B98: 2015 | C98: August | D98: 124.2 | E98: 131.4 | F98: 120.1 | G98: 128.5 | H98: 111.4 | I98: 132.3 | J98: 157.6 | K98: 144 | L98: 90.5 | M98: 126.8 | N98: 120.4 | O98: 132.1 | P98: 130.3 | Q98: 131.2 | R98: 127.2 | S98: 122.9 | T98: 126.6 | U98: 120.9 | V98: 120.6 | W98: 122 | X98: 119.4 | Y98: 111.7 | Z98: 117.8 | AA98: 125.1 | AB98: 112.3 | AC98: 117.2 | AD98: 124.8
A99: Rural | B99: 2015 | C99: September | D99: 125.1 | E99: 131.1 | F99: 120.7 | G99: 129.2 | H99: 114.7 | I99: 132.3 | J99: 158.9 | K99: 142.1 | L99: 92.5 | M99: 125.4 | N99: 121.9 | O99: 132.7 | P99: 131 | Q99: 131 | R99: 130.4 | S99: 126.8 | T99: 129.9 | U99: NA | V99: 123.7 | W99: 124.5 | X99: 121.4 | Y99: 113.8 | Z99: 119.6 | AA99: 124.5 | AB99: 113.7 | AC99: 118.8 | AD99: 127
A100: Urban | B100: 2015 | C100: September | D100: 123.4 | E100: 129 | F100: 115.6 | G100: 128.3 | H100: 107 | I100: 124 | J100: 168.5 | K100: 165.4 | L100: 86.3 | M100: 134.4 | N100: 119.1 | O100: 132.3 | P100: 131.5 | Q100: 134.7 | R100: 124 | S100: 118.6 | T100: 123.2 | U100: 121.6 | V100: 115.1 | W100: 120.4 | X100: 117.1 | Y100: 109.1 | Z100: 117.3 | AA100: 126.5 | AB100: 112.9 | AC100: 116.2 | AD100: 123.5
...

Sheet Q1 CPI Basket Contri Analysis
B2: 2023
B3: May
A4: Item Category | B4: Broader Category | C4: Rural | D4: Urban | E4: Rural+Urban | H4: Sector | I4: Broader Category | J4: Rural | K4: Urban | L4: Rural+Urban | M4: =$H$5 -> Rural+Urban
A5: Cereals and products | B5: =VLOOKUP($A5,'[1]EDA and Analysis1'!$A:$B,2,0) -> Basic Food Items | C5: {=INDEX('Cleaned Data'!$D$3:$AD$374, MATCH(1, ('Cleaned Data'!$A$3:$A$374 = 'Q1 CPI Basket Contri Analysis'!$C$4)* ('Cleaned Data'!$B$3:$B$374 ='Q1 CPI Basket Contri Analysis'!$B$2)* ('Cleaned Data'!$C$3:$C$374 = 'Q1 CPI Basket Contri Analysis'!$B$3), 0),MATCH($A5,'Cleaned Data'!$D$1:$AD$1,0))} -> 173.2 | D5: {=INDEX('Cleaned Data'!$D$3:$AD$374, MATCH(1, ('Cleaned Data'!$A$3:$A$374 = $D$4)* ('Cleaned Data'!$B$3:$B$374 ='Q1 CPI Basket Contri Analysis'!$B$2)* ('Cleaned Data'!$C$3:$C$374 = 'Q1 CPI Basket Contri Analysis'!$B$3), 0),MATCH($A5,'Cleaned Data'!$D$1:$AD$1,0))} -> 174.7 | E5: {=INDEX('Cleaned Data'!$D$3:$AD$374, MATCH(1, ('Cleaned Data'!$A$3:$A$374 = $E$4)* ('Cleaned Data'!$B$3:$B$374 ='Q1 CPI Basket Contri Analysis'!$B$2)* ('Cleaned Data'!$C$3:$C$374 = 'Q1 CPI Basket Contri Analysis'!$B$3), 0),MATCH($A5,'Cleaned Data'!$D$1:$AD$1,0))} -> 173.7 | H5: Rural+Urban | I5: Basic Food Items | J5: =SUMIF($B$5:$B$30,$I5,$C$5:$C$30) -> 1622.2 | K5: =SUMIF($B$5:$B$30,$I5,D$5:D$30) -> 1664.2 | L5: =SUMIF($B$5:$B$30,$I5,E$5:E$30) -> 1637.5 | M5: =INDEX($J$5:$L$9, MATCH($I5,$I$5:$I$9,0), MATCH($H$5,$J$4:$L$4,0)) -> 1637.5
A6: Meat and fish | B6: =VLOOKUP($A6,'[1]EDA and Analysis1'!$A:$B,2,0) -> Basic Food Items | C6: {=INDEX('Cleaned Data'!$D$3:$AD$374, MATCH(1, ('Cleaned Data'!$A$3:$A$374 = 'Q1 CPI Basket Contri Analysis'!$C$4)* ('Cleaned Data'!$B$3:$B$374 ='Q1 CPI Basket Contri Analysis'!$B$2)* ('Cleaned Data'!$C$3:$C$374 = 'Q1 CPI Basket Contri Analysis'!$B$3), 0),MATCH($A6,'Cleaned Data'!$D$1:$AD$1,0))} -> 211.5 | D6: {=INDEX('Cleaned Data'!$D$3:$AD$374, MATCH(1, ('Cleaned Data'!$A$3:$A$374 = $D$4)* ('Cleaned Data'!$B$3:$B$374 ='Q1 CPI Basket Contri Analysis'!$B$2)* ('Cleaned Data'!$C$3:$C$374 = 'Q1 CPI Basket Contri Analysis'!$B$3), 0),MATCH($A6,'Cleaned Data'!$D$1:$AD$1,0))} -> 219.4 | E6: {=INDEX('Cleaned Data'!$D$3:$AD$374, MATCH(1, ('Cleaned Data'!$A$3:$A$374 = $E$4)* ('Cleaned Data'!$B$3:$B$374 ='Q1 CPI Basket Contri Analysis'!$B$2)* ('Cleaned Data'!$C$3:$C$374 = 'Q1 CPI Basket Contri Analysis'!$B$3), 0),MATCH($A6,'Cleaned Data'!$D$1:$AD$1,0))} -> 214.3 | I6: Other Food and Intoxicants | J6: =SUMIF($B$5:$B$30,$I6,$C$5:$C$30) -> 868.4 | K6: =SUMIF($B$5:$B$30,$I6,D$5:D$30) -> 875.1 | L6: =SUMIF($B$5:$B$30,$I6,E$5:E$30) -> 870.4 | M6: =INDEX($J$5:$L$9, MATCH($I6,$I$5:$I$9,0), MATCH($H$5,$J$4:$L$4,0)) -> 870.4
A7: Egg | B7: =VLOOKUP($A7,'[1]EDA and Analysis1'!$A:$B,2,0) -> Basic Food Items | C7: {=INDEX('Cleaned Data'!$D$3:$AD$374, MATCH(1, ('Cleaned Data'!$A$3:$A$374 = 'Q1 CPI Basket Contri Analysis'!$C$4)* ('Cleaned Data'!$B$3:$B$374 ='Q1 CPI Basket Contri Analysis'!$B$2)* ('Cleaned Data'!$C$3:$C$374 = 'Q1 CPI Basket Contri Analysis'!$B$3), 0),MATCH($A7,'Cleaned Data'!$D$1:$AD$1,0))} -> 171 | D7: {=INDEX('Cleaned Data'!$D$3:$AD$374, MATCH(1, ('Cleaned Data'!$A$3:$A$374 = $D$4)* ('Cleaned Data'!$B$3:$B$374 ='Q1 CPI Basket Contri Analysis'!$B$2)* ('Cleaned Data'!$C$3:$C$374 = 'Q1 CPI Basket Contri Analysis'!$B$3), 0),MATCH($A7,'Cleaned Data'!$D$1:$AD$1,0))} -> 176.7 | E7: {=INDEX('Cleaned Data'!$D$3:$AD$374, MATCH(1, ('Cleaned Data'!$A$3:$A$374 = $E$4)* ('Cleaned Data'!$B$3:$B$374 ='Q1 CPI Basket Contri Analysis'!$B$2)* ('Cleaned Data'!$C$3:$C$374 = 'Q1 CPI Basket Contri Analysis'!$B$3), 0),MATCH($A7,'Cleaned Data'!$D$1:$AD$1,0))} -> 173.2 | I7: Clothing and footwear | J7: =SUMIF($B$5:$B$30,$I7,$C$5:$C$30) -> 569.9 | K7: =SUMIF($B$5:$B$30,$I7,D$5:D$30) -> 528.7 | L7: =SUMIF($B$5:$B$30,$I7,E$5:E$30) -> 553.2 | M7: =INDEX($J$5:$L$9, MATCH($I7,$I$5:$I$9,0), MATCH($H$5,$J$4:$L$4,0)) -> 553.2
A8: Milk and products | B8: =VLOOKUP($A8,'[1]EDA and Analysis1'!$A:$B,2,0) -> Basic Food Items | C8: {=INDEX('Cleaned Data'!$D$3:$AD$374, MATCH(1, ('Cleaned Data'!$A$3:$A$374 = 'Q1 CPI Basket Contri Analysis'!$C$4)* ('Cleaned Data'!$B$3:$B$374 ='Q1 CPI Basket Contri Analysis'!$B$2)* ('Cleaned Data'!$C$3:$C$374 = 'Q1 CPI Basket Contri Analysis'!$B$3), 0),MATCH($A8,'Cleaned Data'!$D$1:$AD$1,0))} -> 179.6 | D8: {=INDEX('Cleaned Data'!$D$3:$AD$374, MATCH(1, ('Cleaned Data'!$A$3:$A$374 = $D$4)* ('Cleaned Data'!$B$3:$B$374 ='Q1 CPI Basket Contri Analysis'!$B$2)* ('Cleaned Data'!$C$3:$C$374 = 'Q1 CPI Basket Contri Analysis'!$B$3), 0),MATCH($A8,'Cleaned Data'!$D$1:$AD$1,0))} -> 179.4 | E8: {=INDEX('Cleaned Data'!$D$3:$AD$374, MATCH(1, ('Cleaned Data'!$A$3:$A$374 = $E$4)* ('Cleaned Data'!$B$3:$B$374 ='Q1 CPI Basket Contri Analysis'!$B$2)* ('Cleaned Data'!$C$3:$C$374 = 'Q1 CPI Basket Contri Analysis'!$B$3), 0),MATCH($A8,'Cleaned Data'!$D$1:$AD$1,0))} -> 179.5 | I8: Housing and Utilities | J8: =SUMIF($B$5:$B$30,$I8,$C$5:$C$30) -> 362.3 | K8: =SUMIF($B$5:$B$30,$I8,D$5:D$30) -> 529.1 | L8: =SUMIF($B$5:$B$30,$I8,E$5:E$30) -> 533.6 | M8: =INDEX($J$5:$L$9, MATCH($I8,$I$5:$I$9,0), MATCH($H$5,$J$4:$L$4,0)) -> 533.6
A9: Oils and fats | B9: =VLOOKUP($A9,'[1]EDA and Analysis1'!$A:$B,2,0) -> Basic Food Items | C9: {=INDEX('Cleaned Data'!$D$3:$AD$374, MATCH(1, ('Cleaned Data'!$A$3:$A$374 = 'Q1 CPI Basket Contri Analysis'!$C$4)* ('Cleaned Data'!$B$3:$B$374 ='Q1 CPI Basket Contri Analysis'!$B$2)* ('Cleaned Data'!$C$3:$C$374 = 'Q1 CPI Basket Contri Analysis'!$B$3), 0),MATCH($A9,'Cleaned Data'!$D$1:$AD$1,0))} -> 173.3 | D9: {=INDEX('Cleaned Data'!$D$3:$AD$374, MATCH(1, ('Cleaned Data'!$A$3:$A$374 = $D$4)* ('Cleaned Data'!$B$3:$B$374 ='Q1 CPI Basket Contri Analysis'!$B$2)* ('Cleaned Data'!$C$3:$C$374 = 'Q1 CPI Basket Contri Analysis'!$B$3), 0),MATCH($A9,'Cleaned Data'!$D$1:$AD$1,0))} -> 164.4 | E9: {=INDEX('Cleaned Data'!$D$3:$AD$374, MATCH(1, ('Cleaned Data'!$A$3:$A$374 = $E$4)* ('Cleaned Data'!$B$3:$B$374 ='Q1 CPI Basket Contri Analysis'!$B$2)* ('Cleaned Data'!$C$3:$C$374 = 'Q1 CPI Basket Contri Analysis'!$B$3), 0),MATCH($A9,'Cleaned Data'!$D$1:$AD$1,0))} -> 170 | I9: Services and Miscellaneous | J9: =SUMIF($B$5:$B$30,$I9,$C$5:$C$30) -> 1076 | K9: =SUMIF($B$5:$B$30,$I9,D$5:D$30) -> 1043.8 | L9: =SUMIF($B$5:$B$30,$I9,E$5:E$30) -> 1059.7 | M9: =INDEX($J$5:$L$9, MATCH($I9,$I$5:$I$9,0), MATCH($H$5,$J$4:$L$4,0)) -> 1059.7
A10: Fruits | B10: =VLOOKUP($A10,'[1]EDA and Analysis1'!$A:$B,2,0) -> Basic Food Items | C10: {=INDEX('Cleaned Data'!$D$3:$AD$374, MATCH(1, ('Cleaned Data'!$A$3:$A$374 = 'Q1 CPI Basket Contri Analysis'!$C$4)* ('Cleaned Data'!$B$3:$B$374 ='Q1 CPI Basket Contri Analysis'!$B$2)* ('Cleaned Data'!$C$3:$C$374 = 'Q1 CPI Basket Contri Analysis'!$B$3), 0),MATCH($A10,'Cleaned Data'!$D$1:$AD$1,0))} -> 169 | D10: {=INDEX('Cleaned Data'!$D$3:$AD$374, MATCH(1, ('Cleaned Data'!$A$3:$A$374 = $D$4)* ('Cleaned Data'!$B$3:$B$374 ='Q1 CPI Basket Contri Analysis'!$B$2)* ('Cleaned Data'!$C$3:$C$374 = 'Q1 CPI Basket Contri Analysis'!$B$3), 0),MATCH($A10,'Cleaned Data'!$D$1:$AD$1,0))} -> 175.8 | E10: {=INDEX('Cleaned Data'!$D$3:$AD$374, MATCH(1, ('Cleaned Data'!$A$3:$A$374 = $E$4)* ('Cleaned Data'!$B$3:$B$374 ='Q1 CPI Basket Contri Analysis'!$B$2)* ('Cleaned Data'!$C$3:$C$374 = 'Q1 CPI Basket Contri Analysis'!$B$3), 0),MATCH($A10,'Cleaned Data'!$D$1:$AD$1,0))} -> 172.2
A11: Vegetables | B11: =VLOOKUP($A11,'[1]EDA and Analysis1'!$A:$B,2,0) -> Basic Food Items | C11: {=INDEX('Cleaned Data'!$D$3:$AD$374, MATCH(1, ('Cleaned Data'!$A$3:$A$374 = 'Q1 CPI Basket Contri Analysis'!$C$4)* ('Cleaned Data'!$B$3:$B$374 ='Q1 CPI Basket Contri Analysis'!$B$2)* ('Cleaned Data'!$C$3:$C$374 = 'Q1 CPI Basket Contri Analysis'!$B$3), 0),MATCH($A11,'Cleaned Data'!$D$1:$AD$1,0))} -> 148.7 | D11: {=INDEX('Cleaned Data'!$D$3:$AD$374, MATCH(1, ('Cleaned Data'!$A$3:$A$374 = $D$4)* ('Cleaned Data'!$B$3:$B$374 ='Q1 CPI Basket Contri Analysis'!$B$2)* ('Cleaned Data'!$C$3:$C$374 = 'Q1 CPI Basket Contri Analysis'!$B$3), 0),MATCH($A11,'Cleaned Data'!$D$1:$AD$1,0))} -> 185 | E11: {=INDEX('Cleaned Data'!$D$3:$AD$374, MATCH(1, ('Cleaned Data'!$A$3:$A$374 = $E$4)* ('Cleaned Data'!$B$3:$B$374 ='Q1 CPI Basket Contri Analysis'!$B$2)* ('Cleaned Data'!$C$3:$C$374 = 'Q1 CPI Basket Contri Analysis'!$B$3), 0),MATCH($A11,'Cleaned Data'!$D$1:$AD$1,0))} -> 161
A12: Pulses and products | B12: =VLOOKUP($A12,'[1]EDA and Analysis1'!$A:$B,2,0) -> Basic Food Items | C12: {=INDEX('Cleaned Data'!$D$3:$AD$374, MATCH(1, ('Cleaned Data'!$A$3:$A$374 = 'Q1 CPI Basket Contri Analysis'!$C$4)* ('Cleaned Data'!$B$3:$B$374 ='Q1 CPI Basket Contri Analysis'!$B$2)* ('Cleaned Data'!$C$3:$C$374 = 'Q1 CPI Basket Contri Analysis'!$B$3), 0),MATCH($A12,'Cleaned Data'!$D$1:$AD$1,0))} -> 174.9 | D12: {=INDEX('Cleaned Data'!$D$3:$AD$374, MATCH(1, ('Cleaned Data'!$A$3:$A$374 = $D$4)* ('Cleaned Data'!$B$3:$B$374 ='Q1 CPI Basket Contri Analysis'!$B$2)* ('Cleaned Data'!$C$3:$C$374 = 'Q1 CPI Basket Contri Analysis'!$B$3), 0),MATCH($A12,'Cleaned Data'!$D$1:$AD$1,0))} -> 176.9 | E12: {=INDEX('Cleaned Data'!$D$3:$AD$374, MATCH(1, ('Cleaned Data'!$A$3:$A$374 = $E$4)* ('Cleaned Data'!$B$3:$B$374 ='Q1 CPI Basket Contri Analysis'!$B$2)* ('Cleaned Data'!$C$3:$C$374 = 'Q1 CPI Basket Contri Analysis'!$B$3), 0),MATCH($A12,'Cleaned Data'!$D$1:$AD$1,0))} -> 175.6
A13: Sugar and Confectionery | B13: =VLOOKUP($A13,'[1]EDA and Analysis1'!$A:$B,2,0) -> Other Food and Intoxicants | C13: {=INDEX('Cleaned Data'!$D$3:$AD$374, MATCH(1, ('Cleaned Data'!$A$3:$A$374 = 'Q1 CPI Basket Contri Analysis'!$C$4)* ('Cleaned Data'!$B$3:$B$374 ='Q1 CPI Basket Contri Analysis'!$B$2)* ('Cleaned Data'!$C$3:$C$374 = 'Q1 CPI Basket Contri Analysis'!$B$3), 0),MATCH($A13,'Cleaned Data'!$D$1:$AD$1,0))} -> 121.9 | D13: {=INDEX('Cleaned Data'!$D$3:$AD$374, MATCH(1, ('Cleaned Data'!$A$3:$A$374 = $D$4)* ('Cleaned Data'!$B$3:$B$374 ='Q1 CPI Basket Contri Analysis'!$B$2)* ('Cleaned Data'!$C$3:$C$374 = 'Q1 CPI Basket Contri Analysis'!$B$3), 0),MATCH($A13,'Cleaned Data'!$D$1:$AD$1,0))} -> 124.2 | E13: {=INDEX('Cleaned Data'!$D$3:$AD$374, MATCH(1, ('Cleaned Data'!$A$3:$A$374 = $E$4)* ('Cleaned Data'!$B$3:$B$374 ='Q1 CPI Basket Contri Analysis'!$B$2)* ('Cleaned Data'!$C$3:$C$374 = 'Q1 CPI Basket Contri Analysis'!$B$3), 0),MATCH($A13,'Cleaned Data'!$D$1:$AD$1,0))} -> 122.7
A14: Spices | B14: =VLOOKUP($A14,'[1]EDA and Analysis1'!$A:$B,2,0) -> Basic Food Items | C14: {=INDEX('Cleaned Data'!$D$3:$AD$374, MATCH(1, ('Cleaned Data'!$A$3:$A$374 = 'Q1 CPI Basket Contri Analysis'!$C$4)* ('Cleaned Data'!$B$3:$B$374 ='Q1 CPI Basket Contri Analysis'!$B$2)* ('Cleaned Data'!$C$3:$C$374 = 'Q1 CPI Basket Contri Analysis'!$B$3), 0),MATCH($A14,'Cleaned Data'!$D$1:$AD$1,0))} -> 221 | D14: {=INDEX('Cleaned Data'!$D$3:$AD$374, MATCH(1, ('Cleaned Data'!$A$3:$A$374 = $D$4)* ('Cleaned Data'!$B$3:$B$374 ='Q1 CPI Basket Contri Analysis'!$B$2)* ('Cleaned Data'!$C$3:$C$374 = 'Q1 CPI Basket Contri Analysis'!$B$3), 0),MATCH($A14,'Cleaned Data'!$D$1:$AD$1,0))} -> 211.9 | E14: {=INDEX('Cleaned Data'!$D$3:$AD$374, MATCH(1, ('Cleaned Data'!$A$3:$A$374 = $E$4)* ('Cleaned Data'!$B$3:$B$374 ='Q1 CPI Basket Contri Analysis'!$B$2)* ('Cleaned Data'!$C$3:$C$374 = 'Q1 CPI Basket Contri Analysis'!$B$3), 0),MATCH($A14,'Cleaned Data'!$D$1:$AD$1,0))} -> 218
A15: Non-alcoholic beverages | B15: =VLOOKUP($A15,'[1]EDA and Analysis1'!$A:$B,2,0) -> Other Food and Intoxicants | C15: {=INDEX('Cleaned Data'!$D$3:$AD$374, MATCH(1, ('Cleaned Data'!$A$3:$A$374 = 'Q1 CPI Basket Contri Analysis'!$C$4)* ('Cleaned Data'!$B$3:$B$374 ='Q1 CPI Basket Contri Analysis'!$B$2)* ('Cleaned Data'!$C$3:$C$374 = 'Q1 CPI Basket Contri Analysis'!$B$3), 0),MATCH($A15,'Cleaned Data'!$D$1:$AD$1,0))} -> 178.7 | D15: {=INDEX('Cleaned Data'!$D$3:$AD$374, MATCH(1, ('Cleaned Data'!$A$3:$A$374 = $D$4)* ('Cleaned Data'!$B$3:$B$374 ='Q1 CPI Basket Contri Analysis'!$B$2)* ('Cleaned Data'!$C$3:$C$374 = 'Q1 CPI Basket Contri Analysis'!$B$3), 0),MATCH($A15,'Cleaned Data'!$D$1:$AD$1,0))} -> 165.9 | E15: {=INDEX('Cleaned Data'!$D$3:$AD$374, MATCH(1, ('Cleaned Data'!$A$3:$A$374 = $E$4)* ('Cleaned Data'!$B$3:$B$374 ='Q1 CPI Basket Contri Analysis'!$B$2)* ('Cleaned Data'!$C$3:$C$374 = 'Q1 CPI Basket Contri Analysis'!$B$3), 0),MATCH($A15,'Cleaned Data'!$D$1:$AD$1,0))} -> 173.4
A16: Prepared meals, snacks, sweets, etc. | B16: =VLOOKUP($A16,'[1]EDA and Analysis1'!$A:$B,2,0) -> Other Food and Intoxicants | C16: {=INDEX('Cleaned Data'!$D$3:$AD$374, MATCH(1, ('Cleaned Data'!$A$3:$A$374 = 'Q1 CPI Basket Contri Analysis'!$C$4)* ('Cleaned Data'!$B$3:$B$374 ='Q1 CPI Basket Contri Analysis'!$B$2)* ('Cleaned Data'!$C$3:$C$374 = 'Q1 CPI Basket Contri Analysis'!$B$3), 0),MATCH($A16,'Cleaned Data'!$D$1:$AD$1,0))} -> 191.1 | D16: {=INDEX('Cleaned Data'!$D$3:$AD$374, MATCH(1, ('Cleaned Data'!$A$3:$A$374 = $D$4)* ('Cleaned Data'!$B$3:$B$374 ='Q1 CPI Basket Contri Analysis'!$B$2)* ('Cleaned Data'!$C$3:$C$374 = 'Q1 CPI Basket Contri Analysis'!$B$3), 0),MATCH($A16,'Cleaned Data'!$D$1:$AD$1,0))} -> 197.7 | E16: {=INDEX('Cleaned Data'!$D$3:$AD$374, MATCH(1, ('Cleaned Data'!$A$3:$A$374 = $E$4)* ('Cleaned Data'!$B$3:$B$374 ='Q1 CPI Basket Contri Analysis'!$B$2)* ('Cleaned Data'!$C$3:$C$374 = 'Q1 CPI Basket Contri Analysis'!$B$3), 0),MATCH($A16,'Cleaned Data'!$D$1:$AD$1,0))} -> 194.2
A17: Food and beverages | B17: =VLOOKUP($A17,'[1]EDA and Analysis1'!$A:$B,2,0) -> Other Food and Intoxicants | C17: {=INDEX('Cleaned Data'!$D$3:$AD$374, MATCH(1, ('Cleaned Data'!$A$3:$A$374 = 'Q1 CPI Basket Contri Analysis'!$C$4)* ('Cleaned Data'!$B$3:$B$374 ='Q1 CPI Basket Contri Analysis'!$B$2)* ('Cleaned Data'!$C$3:$C$374 = 'Q1 CPI Basket Contri Analysis'!$B$3), 0),MATCH($A17,'Cleaned Data'!$D$1:$AD$1,0))} -> 176.8 | D17: {=INDEX('Cleaned Data'!$D$3:$AD$374, MATCH(1, ('Cleaned Data'!$A$3:$A$374 = $D$4)* ('Cleaned Data'!$B$3:$B$374 ='Q1 CPI Basket Contri Analysis'!$B$2)* ('Cleaned Data'!$C$3:$C$374 = 'Q1 CPI Basket Contri Analysis'!$B$3), 0),MATCH($A17,'Cleaned Data'!$D$1:$AD$1,0))} -> 183.1 | E17: {=INDEX('Cleaned Data'!$D$3:$AD$374, MATCH(1, ('Cleaned Data'!$A$3:$A$374 = $E$4)* ('Cleaned Data'!$B$3:$B$374 ='Q1 CPI Basket Contri Analysis'!$B$2)* ('Cleaned Data'!$C$3:$C$374 = 'Q1 CPI Basket Contri Analysis'!$B$3), 0),MATCH($A17,'Cleaned Data'!$D$1:$AD$1,0))} -> 179.1
A18: Pan, tobacco, and intoxicants | B18: =VLOOKUP($A18,'[1]EDA and Analysis1'!$A:$B,2,0) -> Other Food and Intoxicants | C18: {=INDEX('Cleaned Data'!$D$3:$AD$374, MATCH(1, ('Cleaned Data'!$A$3:$A$374 = 'Q1 CPI Basket Contri Analysis'!$C$4)* ('Cleaned Data'!$B$3:$B$374 ='Q1 CPI Basket Contri Analysis'!$B$2)* ('Cleaned Data'!$C$3:$C$374 = 'Q1 CPI Basket Contri Analysis'!$B$3), 0),MATCH($A18,'Cleaned Data'!$D$1:$AD$1,0))} -> 199.9 | D18: {=INDEX('Cleaned Data'!$D$3:$AD$374, MATCH(1, ('Cleaned Data'!$A$3:$A$374 = $D$4)* ('Cleaned Data'!$B$3:$B$374 ='Q1 CPI Basket Contri Analysis'!$B$2)* ('Cleaned Data'!$C$3:$C$374 = 'Q1 CPI Basket Contri Analysis'!$B$3), 0),MATCH($A18,'Cleaned Data'!$D$1:$AD$1,0))} -> 204.2 | E18: {=INDEX('Cleaned Data'!$D$3:$AD$374, MATCH(1, ('Cleaned Data'!$A$3:$A$374 = $E$4)* ('Cleaned Data'!$B$3:$B$374 ='Q1 CPI Basket Contri Analysis'!$B$2)* ('Cleaned Data'!$C$3:$C$374 = 'Q1 CPI Basket Contri Analysis'!$B$3), 0),MATCH($A18,'Cleaned Data'!$D$1:$AD$1,0))} -> 201
A19: Clothing | B19: =VLOOKUP($A19,'[1]EDA and Analysis1'!$A:$B,2,0) -> Clothing and footwear | C19: {=INDEX('Cleaned Data'!$D$3:$AD$374, MATCH(1, ('Cleaned Data'!$A$3:$A$374 = 'Q1 CPI Basket Contri Analysis'!$C$4)* ('Cleaned Data'!$B$3:$B$374 ='Q1 CPI Basket Contri Analysis'!$B$2)* ('Cleaned Data'!$C$3:$C$374 = 'Q1 CPI Basket Contri Analysis'!$B$3), 0),MATCH($A19,'Cleaned Data'!$D$1:$AD$1,0))} -> 191.2 | D19: {=INDEX('Cleaned Data'!$D$3:$AD$374, MATCH(1, ('Cleaned Data'!$A$3:$A$374 = $D$4)* ('Cleaned Data'!$B$3:$B$374 ='Q1 CPI Basket Contri Analysis'!$B$2)* ('Cleaned Data'!$C$3:$C$374 = 'Q1 CPI Basket Contri Analysis'!$B$3), 0),MATCH($A19,'Cleaned Data'!$D$1:$AD$1,0))} -> 181.3 | E19: {=INDEX('Cleaned Data'!$D$3:$AD$374, MATCH(1, ('Cleaned Data'!$A$3:$A$374 = $E$4)* ('Cleaned Data'!$B$3:$B$374 ='Q1 CPI Basket Contri Analysis'!$B$2)* ('Cleaned Data'!$C$3:$C$374 = 'Q1 CPI Basket Contri Analysis'!$B$3), 0),MATCH($A19,'Cleaned Data'!$D$1:$AD$1,0))} -> 187.3
A20: Footwear | B20: =VLOOKUP($A20,'[1]EDA and Analysis1'!$A:$B,2,0) -> Clothing and footwear | C20: {=INDEX('Cleaned Data'!$D$3:$AD$374, MATCH(1, ('Cleaned Data'!$A$3:$A$374 = 'Q1 CPI Basket Contri Analysis'!$C$4)* ('Cleaned Data'!$B$3:$B$374 ='Q1 CPI Basket Contri Analysis'!$B$2)* ('Cleaned Data'!$C$3:$C$374 = 'Q1 CPI Basket Contri Analysis'!$B$3), 0),MATCH($A20,'Cleaned Data'!$D$1:$AD$1,0))} -> 187.9 | D20: {=INDEX('Cleaned Data'!$D$3:$AD$374, MATCH(1, ('Cleaned Data'!$A$3:$A$374 = $D$4)* ('Cleaned Data'!$B$3:$B$374 ='Q1 CPI Basket Contri Analysis'!$B$2)* ('Cleaned Data'!$C$3:$C$374 = 'Q1 CPI Basket Contri Analysis'!$B$3), 0),MATCH($A20,'Cleaned Data'!$D$1:$AD$1,0))} -> 168.1 | E20: {=INDEX('Cleaned Data'!$D$3:$AD$374, MATCH(1, ('Cleaned Data'!$A$3:$A$374 = $E$4)* ('Cleaned Data'!$B$3:$B$374 ='Q1 CPI Basket Contri Analysis'!$B$2)* ('Cleaned Data'!$C$3:$C$374 = 'Q1 CPI Basket Contri Analysis'!$B$3), 0),MATCH($A20,'Cleaned Data'!$D$1:$AD$1,0))} -> 179.7
A21: Clothing and footwear | B21: =VLOOKUP($A21,'[1]EDA and Analysis1'!$A:$B,2,0) -> Clothing and footwear | C21: {=INDEX('Cleaned Data'!$D$3:$AD$374, MATCH(1, ('Cleaned Data'!$A$3:$A$374 = 'Q1 CPI Basket Contri Analysis'!$C$4)* ('Cleaned Data'!$B$3:$B$374 ='Q1 CPI Basket Contri Analysis'!$B$2)* ('Cleaned Data'!$C$3:$C$374 = 'Q1 CPI Basket Contri Analysis'!$B$3), 0),MATCH($A21,'Cleaned Data'!$D$1:$AD$1,0))} -> 190.8 | D21: {=INDEX('Cleaned Data'!$D$3:$AD$374, MATCH(1, ('Cleaned Data'!$A$3:$A$374 = $D$4)* ('Cleaned Data'!$B$3:$B$374 ='Q1 CPI Basket Contri Analysis'!$B$2)* ('Cleaned Data'!$C$3:$C$374 = 'Q1 CPI Basket Contri Analysis'!$B$3), 0),MATCH($A21,'Cleaned Data'!$D$1:$AD$1,0))} -> 179.3 | E21: {=INDEX('Cleaned Data'!$D$3:$AD$374, MATCH(1, ('Cleaned Data'!$A$3:$A$374 = $E$4)* ('Cleaned Data'!$B$3:$B$374 ='Q1 CPI Basket Contri Analysis'!$B$2)* ('Cleaned Data'!$C$3:$C$374 = 'Q1 CPI Basket Contri Analysis'!$B$3), 0),MATCH($A21,'Cleaned Data'!$D$1:$AD$1,0))} -> 186.2
... A30: Miscellaneous | B30: =VLOOKUP($A30,'[1]EDA and Analysis1'!$A:$B,2,0) -> Services and Miscellaneous | C30: {=INDEX('Cleaned Data'!$D$3:$AD$374, MATCH(1, ('Cleaned Data'!$A$3:$A$374 = 'Q1 CPI Basket Contri Analysis'!$C$4)* ('Cleaned Data'!$B$3:$B$374 ='Q1 CPI Basket Contri Analysis'!$B$2)* ('Cleaned Data'!$C$3:$C$374 = 'Q1 CPI Basket Contri Analysis'!$B$3), 0),MATCH($A30,'Cleaned Data'!$D$1:$AD$1,0))} -> 179.5 | D30: {=INDEX('Cleaned Data'!$D$3:$AD$374, MATCH(1, ('Cleaned Data'!$A$3:$A$374 = $D$4)* ('Cleaned Data'!$B$3:$B$374 ='Q1 CPI Basket Contri Analysis'!$B$2)* ('Cleaned Data'!$C$3:$C$374 = 'Q1 CPI Basket Contri Analysis'!$B$3), 0),MATCH($A30,'Cleaned Data'!$D$1:$AD$1,0))} -> 171.6 | E30: {=INDEX('Cleaned Data'!$D$3:$AD$374, MATCH(1, ('Cleaned Data'!$A$3:$A$374 = $E$4)* ('Cleaned Data'!$B$3:$B$374 ='Q1 CPI Basket Contri Analysis'!$B$2)* ('Cleaned Data'!$C$3:$C$374 = 'Q1 CPI Basket Contri Analysis'!$B$3), 0),MATCH($A30,'Cleaned Data'!$D$1:$AD$1,0))} -> 175.7

Sheet Q2 Y-O-Y CPI Trend
C3: Sector | D3: Rural+Urban
C4: Year | D4: Start Month | E4: End Month | F4: Starting GI Index | G4: Ending GI Index | H4: CPI Inflation
C5: 2017 | D5: January | E5: December | F5: {=INDEX('Cleaned Data'!$AD$3:$AD$374, MATCH(1, ('Cleaned Data'!$A$3:$A$374=$D$3)* ('Cleaned Data'!$B$3:$B$374=$C5)* ('Cleaned Data'!$C$3:$C$374=$D5), 0))} -> 130.3 | G5: {=INDEX('Cleaned Data'!$AD$3:$AD$374, MATCH(1, ('Cleaned Data'!$A$3:$A$374=$D$3)* ('Cleaned Data'!$B$3:$B$374=$C5)* ('Cleaned Data'!$C$3:$C$374=$E5), 0))} -> 137.2 | H5: =(G5-F5)/F5 -> 0.05295472
C6: 2018 | D6: January | E6: December | F6: {=INDEX('Cleaned Data'!$AD$3:$AD$374, MATCH(1, ('Cleaned Data'!$A$3:$A$374=$D$3)* ('Cleaned Data'!$B$3:$B$374=$C6)* ('Cleaned Data'!$C$3:$C$374=$D6), 0))} -> 136.9 | G6: {=INDEX('Cleaned Data'!$AD$3:$AD$374, MATCH(1, ('Cleaned Data'!$A$3:$A$374=$D$3)* ('Cleaned Data'!$B$3:$B$374=$C6)* ('Cleaned Data'!$C$3:$C$374=$E6), 0))} -> 140.1 | H6: =(G6-F6)/F6 -> 0.023374726
C7: 2019 | D7: January | E7: December | F7: {=INDEX('Cleaned Data'!$AD$3:$AD$374, MATCH(1, ('Cleaned Data'!$A$3:$A$374=$D$3)* ('Cleaned Data'!$B$3:$B$374=$C7)* ('Cleaned Data'!$C$3:$C$374=$D7), 0))} -> 139.6 | G7: {=INDEX('Cleaned Data'!$AD$3:$AD$374, MATCH(1, ('Cleaned Data'!$A$3:$A$374=$D$3)* ('Cleaned Data'!$B$3:$B$374=$C7)* ('Cleaned Data'!$C$3:$C$374=$E7), 0))} -> 150.4 | H7: =(G7-F7)/F7 -> 0.077363897
C8: 2020 | D8: January | E8: December | F8: {=INDEX('Cleaned Data'!$AD$3:$AD$374, MATCH(1, ('Cleaned Data'!$A$3:$A$374=$D$3)* ('Cleaned Data'!$B$3:$B$374=$C8)* ('Cleaned Data'!$C$3:$C$374=$D8), 0))} -> 150.2 | G8: {=INDEX('Cleaned Data'!$AD$3:$AD$374, MATCH(1, ('Cleaned Data'!$A$3:$A$374=$D$3)* ('Cleaned Data'!$B$3:$B$374=$C8)* ('Cleaned Data'!$C$3:$C$374=$E8), 0))} -> 158.9 | H8: =(G8-F8)/F8 -> 0.05792277
C9: 2021 | D9: January | E9: December | F9: {=INDEX('Cleaned Data'!$AD$3:$AD$374, MATCH(1, ('Cleaned Data'!$A$3:$A$374=$D$3)* ('Cleaned Data'!$B$3:$B$374=$C9)* ('Cleaned Data'!$C$3:$C$374=$D9), 0))} -> 157.3 | G9: {=INDEX('Cleaned Data'!$AD$3:$AD$374, MATCH(1, ('Cleaned Data'!$A$3:$A$374=$D$3)* ('Cleaned Data'!$B$3:$B$374=$C9)* ('Cleaned Data'!$C$3:$C$374=$E9), 0))} -> 166.2 | H9: =(G9-F9)/F9 -> 0.056579784
C10: 2022 | D10: January | E10: December | F10: {=INDEX('Cleaned Data'!$AD$3:$AD$374, MATCH(1, ('Cleaned Data'!$A$3:$A$374=$D$3)* ('Cleaned Data'!$B$3:$B$374=$C10)* ('Cleaned Data'!$C$3:$C$374=$D10), 0))} -> 165.7 | G10: {=INDEX('Cleaned Data'!$AD$3:$AD$374, MATCH(1, ('Cleaned Data'!$A$3:$A$374=$D$3)* ('Cleaned Data'!$B$3:$B$374=$C10)* ('Cleaned Data'!$C$3:$C$374=$E10), 0))} -> 175.7 | H10: =(G10-F10)/F10 -> 0.06035003
C11: 2023 | D11: January | E11: May | F11: {=INDEX('Cleaned Data'!$AD$3:$AD$374, MATCH(1, ('Cleaned Data'!$A$3:$A$374=$D$3)* ('Cleaned Data'!$B$3:$B$374=$C11)* ('Cleaned Data'!$C$3:$C$374=$D11), 0))} -> 176.5 | G11: {=INDEX('Cleaned Data'!$AD$3:$AD$374, MATCH(1, ('Cleaned Data'!$A$3:$A$374=$D$3)* ('Cleaned Data'!$B$3:$B$374=$C11)* ('Cleaned Data'!$C$3:$C$374=$E11), 0))} -> 179.1 | H11: =(G11-F11)/F11 -> 0.014730878
C14: Year | D14: CPI Inflation %
C15: 2016 | D15: 0
C16: 2017 | D16: 0.05295472
C17: 2018 | D17: 0.023374726
C18: 2019 | D18: 0.077363897
C19: 2020 | D19: 0.05792277
C20: 2021 | D20: 0.056579784
C21: 2022 | D21: 0.06035003
C22: 2023 | D22: 0.014730878

Sheet Q3 MOM Food Inflation Analysis
C4: Year | D4: 2022 | Q4: M-O-M Inflation
B6: Sector | C6: Rural | Q6: Rural
B7: Categories | C7: May | D7: June | E7: July | F7: August | G7: September | H7: October | I7: November | J7: December | K7: January | L7: February | M7: March | N7: April | O7: May | Q7: 44713 | R7: 44743 | S7: 44774 | T7: 44805 | U7: 44835 | V7: 44866 | W7: 44896 | X7: 44927 | Y7: 44958 | Z7: 44986 | AA7: 45017 | AB7: 45047 | AC7: 12 Month Inflation
A8: Basic Food Items | B8: Cereals and products | C8: 152.9 | D8: 153.8 | E8: 155.2 | F8: 159.5 | G8: 162.9 | H8: 164.7 | I8: 166.9 | J8: 168.8 | K8: 174 | L8: 174.2 | M8: 174.3 | N8: 173.3 | O8: 173.2 | Q8: =(D8-C8)/C8 -> 0.0058862001 | R8: =(E8-D8)/D8 -> 0.0091027308 | S8: =(F8-E8)/E8 -> 0.027706186 | T8: =(G8-F8)/F8 -> 0.021316614 | U8: =(H8-G8)/G8 -> 0.011049724 | V8: =(I8-H8)/H8 -> 0.01335762 | W8: =(J8-I8)/I8 -> 0.011384062 | X8: =(K8-J8)/J8 -> 0.030805687 | ... AB8: =(O8-N8)/N8 -> -0.00057703405 | AC8: =($O8-$C8)/$C8 -> 0.13276651
B9: Meat and fish | C9: 214.7 | D9: 217.2 | E9: 210.8 | F9: 204.1 | G9: 206.7 | H9: 208.8 | I9: 207.2 | J9: 206.9 | K9: 208.3 | L9: 205.2 | M9: 205.2 | N9: 206.9 | O9: 211.5 | Q9: =(D9-C9)/C9 -> 0.011644155 | R9: =(E9-D9)/D9 -> -0.02946593 | S9: =(F9-E9)/E9 -> -0.031783681 | T9: =(G9-F9)/F9 -> 0.012738854 | U9: =(H9-G9)/G9 -> 0.010159652 | V9: =(I9-H9)/H9 -> -0.0076628352 | W9: =(J9-I9)/I9 -> -0.0014478764 | X9: =(K9-J9)/J9 -> 0.0067665539 | ... AB9: =(O9-N9)/N9 -> 0.022232963 | AC9: =($O9-$C9)/$C9 -> -0.014904518
B10: Egg | C10: 161.4 | D10: 169.6 | E10: 174.3 | F10: 168.3 | G10: 169 | H10: 170.3 | I10: 180.2 | J10: 189.1 | K10: 192.9 | L10: 173.9 | M10: 173.9 | N10: 167.9 | O10: 171 | Q10: =(D10-C10)/C10 -> 0.050805452 | R10: =(E10-D10)/D10 -> 0.027712264 | S10: =(F10-E10)/E10 -> -0.034423408 | T10: =(G10-F10)/F10 -> 0.0041592395 | U10: =(H10-G10)/G10 -> 0.0076923077 | V10: =(I10-H10)/H10 -> 0.058132707 | W10: =(J10-I10)/I10 -> 0.049389567 | X10: =(K10-J10)/J10 -> 0.020095188 | ... AB10: =(O10-N10)/N10 -> 0.018463371 | AC10: =($O10-$C10)/$C10 -> 0.059479554
B11: Milk and products | C11: 164.6 | D11: 165.4 | E11: 166.3 | F11: 167.9 | G11: 169.5 | H11: 170.9 | I11: 172.3 | J11: 173.4 | K11: 174.3 | L11: 177 | M11: 177 | N11: 178.2 | O11: 179.6 | Q11: =(D11-C11)/C11 -> 0.0048602673 | R11: =(E11-D11)/D11 -> 0.0054413543 | S11: =(F11-E11)/E11 -> 0.0096211666 | T11: =(G11-F11)/F11 -> 0.0095294818 | U11: =(H11-G11)/G11 -> 0.008259587 | V11: =(I11-H11)/H11 -> 0.0081919251 | W11: =(J11-I11)/I11 -> 0.0063842136 | X11: =(K11-J11)/J11 -> 0.0051903114 | ... AB11: =(O11-N11)/N11 -> 0.0078563412 | AC11: =($O11-$C11)/$C11 -> 0.091130012
B12: Oils and fats | C12: 209.9 | D12: 208.1 | E12: 202.2 | F12: 198.1 | G12: 194.1 | H12: 191.6 | I12: 194 | J12: 193.9 | K12: 192.6 | L12: 183.4 | M12: 183.3 | N12: 178.5 | O12: 173.3 | Q12: =(D12-C12)/C12 -> -0.0085755121 | R12: =(E12-D12)/D12 -> -0.028351754 | S12: =(F12-E12)/E12 -> -0.020276954 | T12: =(G12-F12)/F12 -> -0.020191822 | U12: =(H12-G12)/G12 -> -0.012879959 | V12: =(I12-H12)/H12 -> 0.012526096 | W12: =(J12-I12)/I12 -> -0.00051546392 | X12: =(K12-J12)/J12 -> -0.0067044868 | ... AB12: =(O12-N12)/N12 -> -0.029131653 | AC12: =($O12-$C12)/$C12 -> -0.17436875
B13: Fruits | C13: 168 | D13: 165.8 | E13: 169.6 | F13: 169.2 | G13: 164.1 | H13: 162.2 | I13: 159.1 | J13: 156.7 | K13: 156.3 | L13: 167.2 | M13: 167.2 | N13: 173.7 | O13: 169 | Q13: =(D13-C13)/C13 -> -0.013095238 | R13: =(E13-D13)/D13 -> 0.02291918 | S13: =(F13-E13)/E13 -> -0.0023584906 | T13: =(G13-F13)/F13 -> -0.030141844 | U13: =(H13-G13)/G13 -> -0.011578306 | V13: =(I13-H13)/H13 -> -0.019112207 | W13: =(J13-I13)/I13 -> -0.015084852 | X13: =(K13-J13)/J13 -> -0.0025526484 | ... AB13: =(O13-N13)/N13 -> -0.027058146 | AC13: =($O13-$C13)/$C13 -> 0.005952381
B14: Vegetables | C14: 160.4 | D14: 167.3 | E14: 168.6 | F14: 173.1 | G14: 176.9 | H14: 184.8 | I14: 171.6 | J14: 150.2 | K14: 142.9 | L14: 140.9 | M14: 140.9 | N14: 142.8 | O14: 148.7 | Q14: =(D14-C14)/C14 -> 0.043017456 | R14: =(E14-D14)/D14 -> 0.0077704722 | S14: =(F14-E14)/E14 -> 0.026690391 | T14: =(G14-F14)/F14 -> 0.021952629 | U14: =(H14-G14)/G14 -> 0.044657999 | V14: =(I14-H14)/H14 -> -0.071428571 | W14: =(J14-I14)/I14 -> -0.12470862 | X14: =(K14-J14)/J14 -> -0.048601864 | ... AB14: =(O14-N14)/N14 -> 0.041316527 | AC14: =($O14-$C14)/$C14 -> -0.072942643
B15: Pulses and products | C15: 165 | D15: 164.6 | E15: 164.4 | F15: 167.1 | G15: 169 | H15: 169.7 | I15: 170.2 | J15: 170.5 | K15: 170.7 | L15: 170.4 | M15: 170.5 | N15: 172.8 | O15: 174.9 | Q15: =(D15-C15)/C15 -> -0.0024242424 | R15: =(E15-D15)/D15 -> -0.0012150668 | S15: =(F15-E15)/E15 -> 0.016423358 | T15: =(G15-F15)/F15 -> 0.011370437 | U15: =(H15-G15)/G15 -> 0.0041420118 | V15: =(I15-H15)/H15 -> 0.002946376 | W15: =(J15-I15)/I15 -> 0.0017626322 | X15: =(K15-J15)/J15 -> 0.0011730205 | ... AB15: =(O15-N15)/N15 -> 0.012152778 | AC15: =($O15-$C15)/$C15 -> 0.06
B16: Spices | C16: 186.6 | D16: 188.9 | E16: 191.8 | F16: 195.6 | G16: 199.1 | H16: 201.6 | I16: 204.8 | J16: 207.5 | K16: 210.5 | L16: 212.1 | M16: 212.1 | N16: 215.5 | O16: 221 | Q16: =(D16-C16)/C16 -> 0.012325831 | R16: =(E16-D16)/D16 -> 0.015352038 | S16: =(F16-E16)/E16 -> 0.019812304 | T16: =(G16-F16)/F16 -> 0.017893661 | U16: =(H16-G16)/G16 -> 0.012556504 | V16: =(I16-H16)/H16 -> 0.015873016 | W16: =(J16-I16)/I16 -> 0.013183594 | X16: =(K16-J16)/J16 -> 0.014457831 | ... AB16: =(O16-N16)/N16 -> 0.025522042 | AC16: =($O16-$C16)/$C16 -> 0.18435155
A17: Other Food and Intoxicants | B17: Sugar and Confectionery | C17: 118.9 | D17: 119.1 | E17: 119.2 | F17: 120.2 | G17: 120.8 | H17: 121.1 | I17: 121.5 | J17: 121.2 | K17: 120.3 | L17: 119.1 | M17: 119.1 | N17: 120.4 | O17: 121.9 | Q17: =(D17-C17)/C17 -> 0.0016820858 | R17: =(E17-D17)/D17 -> 0.00083963056 | S17: =(F17-E17)/E17 -> 0.0083892617 | T17: =(G17-F17)/F17 -> 0.0049916805 | U17: =(H17-G17)/G17 -> 0.0024834437 | V17: =(I17-H17)/H17 -> 0.0033030553 | W17: =(J17-I17)/I17 -> -0.0024691358 | X17: =(K17-J17)/J17 -> -0.0074257426 | ... AB17: =(O17-N17)/N17 -> 0.012458472 | AC17: =($O17-$C17)/$C17 -> 0.025231287
B18: Non-alcoholic beverages | C18: 173.2 | D18: 174.2 | E18: 174.5 | F18: 174.8 | G18: 175.4 | H18: 175.8 | I18: 176.4 | J18: 176.8 | K18: 176.9 | L18: 177.6 | M18: 177.6 | N18: 178.2 | O18: 178.7 | Q18: =(D18-C18)/C18 -> 0.0057736721 | R18: =(E18-D18)/D18 -> 0.0017221584 | S18: =(F18-E18)/E18 -> 0.0017191977 | T18: =(G18-F18)/F18 -> 0.0034324943 | U18: =(H18-G18)/G18 -> 0.0022805017 | V18: =(I18-H18)/H18 -> 0.0034129693 | W18: =(J18-I18)/I18 -> 0.0022675737 | X18: =(K18-J18)/J18 -> 0.00056561086 | ... AB18: =(O18-N18)/N18 -> 0.0028058361 | AC18: =($O18-$C18)/$C18 -> 0.031755196
B19: Prepared meals, snacks, sweets, etc. | C19: 180.4 | D19: 181.9 | E19: 183.1 | F19: 184 | G19: 184.8 | H19: 185.6 | I19: 186.9 | J19: 187.7 | K19: 188.5 | L19: 189.9 | M19: 189.9 | N19: 190.5 | O19: 191.1 | Q19: =(D19-C19)/C19 -> 0.0083148559 | R19: =(E19-D19)/D19 -> 0.0065970313 | S19: =(F19-E19)/E19 -> 0.0049153468 | T19: =(G19-F19)/F19 -> 0.0043478261 | U19: =(H19-G19)/G19 -> 0.0043290043 | V19: =(I19-H19)/H19 -> 0.0070043103 | W19: =(J19-I19)/I19 -> 0.0042803638 | X19: =(K19-J19)/J19 -> 0.0042621204 | ... AB19: =(O19-N19)/N19 -> 0.0031496063 | AC19: =($O19-$C19)/$C19 -> 0.059312639
B20: Food and beverages | C20: 170.8 | D20: 172.4 | E20: 172.5 | F20: 173.9 | G20: 175.5 | H20: 177.4 | I20: 176.6 | J20: 174.4 | K20: 175 | L20: 174.8 | M20: 174.8 | N20: 175.5 | O20: 176.8 | Q20: =(D20-C20)/C20 -> 0.0093676815 | R20: =(E20-D20)/D20 -> 0.0005800464 | S20: =(F20-E20)/E20 -> 0.008115942 | T20: =(G20-F20)/F20 -> 0.0092006901 | U20: =(H20-G20)/G20 -> 0.010826211 | V20: =(I20-H20)/H20 -> -0.0045095829 | W20: =(J20-I20)/I20 -> -0.012457531 | X20: =(K20-J20)/J20 -> 0.003440367 | ... AB20: =(O20-N20)/N20 -> 0.0074074074 | AC20: =($O20-$C20)/$C20 -> 0.035128806
B21: Pan, tobacco, and intoxicants | C21: 192.9 | D21: 192.9 | E21: 193.2 | F21: 193.7 | G21: 194.5 | H21: 194.9 | I21: 195.5 | J21: 195.9 | K21: 196.9 | L21: 198.3 | M21: 198.4 | N21: 199.5 | O21: 199.9 | Q21: =(D21-C21)/C21 -> 0 | R21: =(E21-D21)/D21 -> 0.00155521 | S21: =(F21-E21)/E21 -> 0.0025879917 | T21: =(G21-F21)/F21 -> 0.0041300981 | U21: =(H21-G21)/G21 -> 0.0020565553 | V21: =(I21-H21)/H21 -> 0.0030785018 | W21: =(J21-I21)/I21 -> 0.0020460358 | X21: =(K21-J21)/J21 -> 0.0051046452 | ... AB21: =(O21-N21)/N21 -> 0.0020050125 | AC21: =($O21-$C21)/$C21 -> 0.036288232
B24: Year | C24: 44682 | D24: 44713 | E24: 44743 | F24: 44774 | G24: 44805 | H24: 44835 | I24: 44866 | J24: 44896 | K24: 44927 | L24: 44958 | M24: 44986 | N24: 45017 | O24: 45047
B25: Basic Food Items | C25: =SUM(C8:C16) -> 1583.5 | D25: =SUM(D8:D16) -> 1600.7 | E25: =SUM(E8:E16) -> 1603.2 | F25: =SUM(F8:F16) -> 1602.9 | G25: =SUM(G8:G16) -> 1611.3 | H25: =SUM(H8:H16) -> 1624.6 | I25: =SUM(I8:I16) -> 1626.3 | J25: =SUM(J8:J16) -> 1617 | ... O25: =SUM(O8:O16) -> 1622.2
C26: Inflation M-O-M | D26: =(D25-C25)/C25 -> 0.010862015 | E26: =(E25-D25)/D25 -> 0.0015618167 | F26: =(F25-E25)/E25 -> -0.00018712575 | G26: =(G25-F25)/F25 -> 0.0052405016 | H26: =(H25-G25)/G25 -> 0.0082542047 | I26: =(I25-H25)/H25 -> 0.0010464114 | J26: =(J25-I25)/I25 -> -0.0057185021 | K26: =(K25-J25)/J25 -> 0.0034013605 | ... O26: =(O25-N25)/N25 -> 0.0078280318
B28: Other Food and Intoxicants | C28: =SUM(C17:C21) -> 836.2 | D28: =SUM(D17:D21) -> 840.5 | E28: =SUM(E17:E21) -> 842.5 | F28: =SUM(F17:F21) -> 846.6 | G28: =SUM(G17:G21) -> 851 | H28: =SUM(H17:H21) -> 854.8 | I28: =SUM(I17:I21) -> 856.9 | J28: =SUM(J17:J21) -> 856 | ... O28: =SUM(O17:O21) -> 868.4
C29: Inflation M-O-M | D29: =(D28-C28)/C28 -> 0.0051423105 | E29: =(E28-D28)/D28 -> 0.002379536 | F29: =(F28-E28)/E28 -> 0.0048664688 | G29: =(G28-F28)/F28 -> 0.0051972596 | H29: =(H28-G28)/G28 -> 0.0044653349 | I29: =(I28-H28)/H28 -> 0.002456715 | J29: =(J28-I28)/I28 -> -0.0010502976 | K29: =(K28-J28)/J28 -> 0.0018691589 | ... O29: =(O28-N28)/N28 -> 0.0049762759
B32: Sector | C32: Urban | Q32: Urban
A33: Basic Food Items | B33: Categories | C33: May | D33: June | E33: July | F33: August | G33: September | H33: October | I33: November | J33: December | K33: January | L33: February | M33: March | N33: April | O33: May | Q33: 44713 | R33: 44743 | S33: 44774 | T33: 44805 | U33: 44835 | V33: 44866 | W33: 44896 | X33: 44927 | Y33: 44958 | Z33: 44986 | AA33: 45017 | AB33: 45047 | AC33: 12 Month Inflation
B34: Cereals and products | C34: 156.7 | D34: 157.5 | E34: 159.3 | F34: 162.1 | G34: 164.9 | H34: 166.4 | I34: 168.4 | J34: 170.2 | K34: 173.3 | L34: 174.7 | M34: 174.7 | N34: 174.8 | O34: 174.7 | Q34: =(D34-C34)/C34 -> 0.0051052967 | R34: =(E34-D34)/D34 -> 0.011428571 | S34: =(F34-E34)/E34 -> 0.017576899 | T34: =(G34-F34)/F34 -> 0.017273288 | U34: =(H34-G34)/G34 -> 0.0090964221 | V34: =(I34-H34)/H34 -> 0.012019231 | W34: =(J34-I34)/I34 -> 0.010688836 | X34: =(K34-J34)/J34 -> 0.018213866 | ... AB34: =(O34-N34)/N34 -> -0.00057208238 | AC34: =($O34-$C34)/$C34 -> 0.11486918
B35: Meat and fish | C35: 221.2 | D35: 223.4 | E35: 217.1 | F35: 210.9 | G35: 213.7 | H35: 214.9 | I35: 213.4 | J35: 212.9 | K35: 215.2 | L35: 212.2 | M35: 212.2 | N35: 213.7 | O35: 219.4 | Q35: =(D35-C35)/C35 -> 0.0099457505 | R35: =(E35-D35)/D35 -> -0.028200537 | S35: =(F35-E35)/E35 -> -0.028558268 | T35: =(G35-F35)/F35 -> 0.013276434 | U35: =(H35-G35)/G35 -> 0.0056153486 | V35: =(I35-H35)/H35 -> -0.0069799907 | W35: =(J35-I35)/I35 -> -0.0023430178 | X35: =(K35-J35)/J35 -> 0.010803194 | ... AB35: =(O35-N35)/N35 -> 0.026672906 | AC35: =($O35-$C35)/$C35 -> -0.0081374322
B36: Egg | C36: 164.1 | D36: 172.8 | E36: 176.6 | F36: 170.6 | G36: 170.9 | H36: 171.9 | I36: 183.2 | J36: 191.9 | K36: 197 | L36: 177.2 | M36: 177.2 | N36: 172.4 | O36: 176.7 | Q36: =(D36-C36)/C36 -> 0.053016453 | R36: =(E36-D36)/D36 -> 0.021990741 | S36: =(F36-E36)/E36 -> -0.033975085 | T36: =(G36-F36)/F36 -> 0.0017584994 | U36: =(H36-G36)/G36 -> 0.0058513751 | V36: =(I36-H36)/H36 -> 0.065735893 | W36: =(J36-I36)/I36 -> 0.047489083 | X36: =(K36-J36)/J36 -> 0.026576342 | ... AB36: =(O36-N36)/N36 -> 0.024941995 | AC36: =($O36-$C36)/$C36 -> 0.07678245
B37: Milk and products | C37: 165.4 | D37: 166.4 | E37: 167.1 | F37: 168.4 | G37: 170.1 | H37: 171 | I37: 172.3 | J37: 173.9 | K37: 175.2 | L37: 177.9 | M37: 177.9 | N37: 178.8 | O37: 179.4 | Q37: =(D37-C37)/C37 -> 0.0060459492 | R37: =(E37-D37)/D37 -> 0.0042067308 | S37: =(F37-E37)/E37 -> 0.0077797726 | T37: =(G37-F37)/F37 -> 0.010095012 | U37: =(H37-G37)/G37 -> 0.0052910053 | V37: =(I37-H37)/H37 -> 0.0076023392 | W37: =(J37-I37)/I37 -> 0.0092861288 | X37: =(K37-J37)/J37 -> 0.0074755607 | ... AB37: =(O37-N37)/N37 -> 0.0033557047 | AC37: =($O37-$C37)/$C37 -> 0.084643289
B38: Oils and fats | C38: 189.5 | D38: 188.6 | E38: 184.8 | F38: 182.5 | G38: 179.3 | H38: 177.7 | I38: 180 | J38: 179.1 | K38: 178 | L38: 172.2 | M38: 172.2 | N38: 168.7 | O38: 164.4 | Q38: =(D38-C38)/C38 -> -0.0047493404 | R38: =(E38-D38)/D38 -> -0.020148462 | S38: =(F38-E38)/E38 -> -0.012445887 | T38: =(G38-F38)/F38 -> -0.017534247 | U38: =(H38-G38)/G38 -> -0.0089235917 | V38: =(I38-H38)/H38 -> 0.012943163 | W38: =(J38-I38)/I38 -> -0.005 | X38: =(K38-J38)/J38 -> -0.0061418202 | ... AB38: =(O38-N38)/N38 -> -0.025489034 | AC38: =($O38-$C38)/$C38 -> -0.13245383
B39: Fruits | C39: 174.5 | D39: 174.1 | E39: 179.5 | F39: 177.1 | G39: 167.5 | H39: 165.7 | I39: 162.6 | J39: 159.5 | K39: 160.5 | L39: 172.1 | M39: 172.1 | N39: 179.2 | O39: 175.8 | Q39: =(D39-C39)/C39 -> -0.0022922636 | R39: =(E39-D39)/D39 -> 0.031016657 | S39: =(F39-E39)/E39 -> -0.013370474 | T39: =(G39-F39)/F39 -> -0.054206663 | U39: =(H39-G39)/G39 -> -0.010746269 | V39: =(I39-H39)/H39 -> -0.018708509 | W39: =(J39-I39)/I39 -> -0.019065191 | X39: =(K39-J39)/J39 -> 0.0062695925 | ... AB39: =(O39-N39)/N39 -> -0.018973214 | AC39: =($O39-$C39)/$C39 -> 0.0074498567
B40: Vegetables | C40: 203.2 | D40: 211.5 | E40: 208.5 | F40: 213.1 | G40: 220.8 | H40: 228.6 | I40: 205.5 | J40: 178.7 | K40: 175.3 | L40: 175.8 | M40: 175.9 | N40: 179.9 | O40: 185 | Q40: =(D40-C40)/C40 -> 0.040846457 | R40: =(E40-D40)/D40 -> -0.014184397 | S40: =(F40-E40)/E40 -> 0.02206235 | T40: =(G40-F40)/F40 -> 0.036133271 | U40: =(H40-G40)/G40 -> 0.035326087 | V40: =(I40-H40)/H40 -> -0.10104987 | W40: =(J40-I40)/I40 -> -0.13041363 | X40: =(K40-J40)/J40 -> -0.019026301 | ... AB40: =(O40-N40)/N40 -> 0.028349083 | AC40: =($O40-$C40)/$C40 -> -0.089566929
B41: Pulses and products | C41: 164.1 | D41: 163.6 | E41: 164 | F41: 167.3 | G41: 169.2 | H41: 169.9 | I41: 171 | J41: 171.3 | K41: 171.2 | L41: 172.2 | M41: 172.2 | N41: 174.7 | O41: 176.9 | Q41: =(D41-C41)/C41 -> -0.0030469226 | R41: =(E41-D41)/D41 -> 0.0024449878 | S41: =(F41-E41)/E41 -> 0.020121951 | T41: =(G41-F41)/F41 -> 0.011356844 | U41: =(H41-G41)/G41 -> 0.0041371158 | V41: =(I41-H41)/H41 -> 0.0064743967 | W41: =(J41-I41)/I41 -> 0.001754386 | X41: =(K41-J41)/J41 -> -0.00058377116 | ... AB41: =(O41-N41)/N41 -> 0.012593017 | AC41: =($O41-$C41)/$C41 -> 0.078001219
B42: Spices | C42: 181.4 | D42: 183.5 | E42: 186.3 | F42: 189.7 | G42: 193.6 | H42: 196.4 | I42: 198.8 | J42: 200.5 | K42: 204.3 | L42: 204.8 | M42: 204.8 | N42: 207.8 | O42: 211.9 | Q42: =(D42-C42)/C42 -> 0.011576626 | R42: =(E42-D42)/D42 -> 0.015258856 | S42: =(F42-E42)/E42 -> 0.018250134 | T42: =(G42-F42)/F42 -> 0.020558777 | U42: =(H42-G42)/G42 -> 0.01446281 | V42: =(I42-H42)/H42 -> 0.012219959 | W42: =(J42-I42)/I42 -> 0.0085513078 | X42: =(K42-J42)/J42 -> 0.018952618 | ... AB42: =(O42-N42)/N42 -> 0.01973051 | AC42: =($O42-$C42)/$C42 -> 0.16813671
A43: Other Food and Intoxicants | B43: Sugar and Confectionery | C43: 121.2 | D43: 121.4 | E43: 121.5 | F43: 122.2 | G43: 123.1 | H43: 123.4 | I43: 123.4 | J43: 123.1 | K43: 122.7 | L43: 121.9 | M43: 121.9 | N43: 123.1 | O43: 124.2 | Q43: =(D43-C43)/C43 -> 0.001650165 | R43: =(E43-D43)/D43 -> 0.00082372323 | S43: =(F43-E43)/E43 -> 0.0057613169 | T43: =(G43-F43)/F43 -> 0.0073649755 | U43: =(H43-G43)/G43 -> 0.0024370431 | V43: =(I43-H43)/H43 -> 0 | W43: =(J43-I43)/I43 -> -0.0024311183 | X43: =(K43-J43)/J43 -> -0.0032493907 | ... AB43: =(O43-N43)/N43 -> 0.0089358245 | AC43: =($O43-$C43)/$C43 -> 0.024752475
B44: Non-alcoholic beverages | C44: 158.5 | D44: 159.1 | E44: 159.8 | F44: 160.5 | G44: 161.1 | H44: 161.6 | I44: 162.1 | J44: 162.8 | K44: 163.7 | L44: 164.9 | M44: 164.9 | N44: 165.5 | O44: 165.9 | Q44: =(D44-C44)/C44 -> 0.003785489 | R44: =(E44-D44)/D44 -> 0.0043997486 | S44: =(F44-E44)/E44 -> 0.0043804756 | T44: =(G44-F44)/F44 -> 0.0037383178 | U44: =(H44-G44)/G44 -> 0.0031036623 | V44: =(I44-H44)/H44 -> 0.0030940594 | W44: =(J44-I44)/I44 -> 0.004318322 | X44: =(K44-J44)/J44 -> 0.0055282555 | ... AB44: =(O44-N44)/N44 -> 0.0024169184 | AC44: =($O44-$C44)/$C44 -> 0.046687697
B45: Prepared meals, snacks, sweets, etc. | C45: 184.9 | D45: 186.3 | E45: 187.7 | F45: 188.9 | G45: 190.4 | H45: 191.5 | I45: 192.4 | J45: 193.3 | K45: 194.3 | L45: 196.6 | M45: 196.6 | N45: 197 | O45: 197.7 | Q45: =(D45-C45)/C45 -> 0.0075716604 | R45: =(E45-D45)/D45 -> 0.0075147611 | S45: =(F45-E45)/E45 -> 0.0063931806 | T45: =(G45-F45)/F45 -> 0.0079407094 | U45: =(H45-G45)/G45 -> 0.0057773109 | V45: =(I45-H45)/H45 -> 0.0046997389 | W45: =(J45-I45)/I45 -> 0.0046777547 | X45: =(K45-J45)/J45 -> 0.0051733057 | ... AB45: =(O45-N45)/N45 -> 0.0035532995 | AC45: =($O45-$C45)/$C45 -> 0.069226609
B46: Food and beverages | C46: 177.5 | D46: 179.3 | E46: 179.4 | F46: 180.4 | G46: 181.8 | H46: 183.3 | I46: 181.3 | J46: 178.6 | K46: 179.5 | L46: 180.7 | M46: 180.8 | N46: 182.1 | O46: 183.1 | Q46: =(D46-C46)/C46 -> 0.010140845 | R46: =(E46-D46)/D46 -> 0.00055772448 | S46: =(F46-E46)/E46 -> 0.005574136 | T46: =(G46-F46)/F46 -> 0.0077605322 | U46: =(H46-G46)/G46 -> 0.0082508251 | V46: =(I46-H46)/H46 -> -0.010911075 | W46: =(J46-I46)/I46 -> -0.014892443 | X46: =(K46-J46)/J46 -> 0.0050391937 | ... AB46: =(O46-N46)/N46 -> 0.0054914882 | AC46: =($O46-$C46)/$C46 -> 0.031549296
B47: Pan, tobacco, and intoxicants | C47: 197.5 | D47: 198.3 | E47: 198.6 | F47: 198.7 | G47: 199.7 | H47: 200.1 | I47: 200.6 | J47: 201.1 | K47: 201.6 | L47: 202.7 | M47: 202.7 | N47: 203.5 | O47: 204.2 | Q47: =(D47-C47)/C47 -> 0.0040506329 | R47: =(E47-D47)/D47 -> 0.0015128593 | S47: =(F47-E47)/E47 -> 0.00050352467 | T47: =(G47-F47)/F47 -> 0.0050327126 | U47: =(H47-G47)/G47 -> 0.0020030045 | V47: =(I47-H47)/H47 -> 0.0024987506 | W47: =(J47-I47)/I47 -> 0.0024925224 | X47: =(K47-J47)/J47 -> 0.0024863252 | ... AB47: =(O47-N47)/N47 -> 0.0034398034 | AC47: =($O47-$C47)/$C47 -> 0.033924051
B50: Year | C50: 44682 | D50: 44713 | E50: 44743 | F50: 44774 | G50: 44805 | H50: 44835 | I50: 44866 | J50: 44896 | K50: 44927 | L50: 44958 | M50: 44986 | N50: 45017 | O50: 45047
B51: Basic Food Items | C51: =SUM(C34:C42) -> 1620.1 | D51: =SUM(D34:D42) -> 1641.4 | E51: =SUM(E34:E42) -> 1643.2 | F51: =SUM(F34:F42) -> 1641.7 | G51: =SUM(G34:G42) -> 1650 | H51: =SUM(H34:H42) -> 1662.5 | I51: =SUM(I34:I42) -> 1655.2 | J51: =SUM(J34:J42) -> 1638 | ... O51: =SUM(O34:O42) -> 1664.2
C52: Inflation M-O-M | D52: =(D51-C51)/C51 -> 0.013147337 | E52: =(E51-D51)/D51 -> 0.0010966248 | F52: =(F51-E51)/E51 -> -0.00091285297 | G52: =(G51-F51)/F51 -> 0.0050557349 | H52: =(H51-G51)/G51 -> 0.0075757576 | I52: =(I51-H51)/H51 -> -0.0043909774 | J52: =(J51-I51)/I51 -> -0.010391493 | K52: =(K51-J51)/J51 -> 0.0073260073 | ... O52: =(O51-N51)/N51 -> 0.0086060606
B54: Other Food and Intoxicants | C54: =SUM(C43:C47) -> 839.6 | D54: =SUM(D43:D47) -> 844.4 | E54: =SUM(E43:E47) -> 847 | F54: =SUM(F43:F47) -> 850.7 | G54: =SUM(G43:G47) -> 856.1 | H54: =SUM(H43:H47) -> 859.9 | I54: =SUM(I43:I47) -> 859.8 | J54: =SUM(J43:J47) -> 858.9 | ... O54: =SUM(O43:O47) -> 875.1
C55: Inflation M-O-M | D55: =(D54-C54)/C54 -> 0.0057170081 | E55: =(E54-D54)/D54 -> 0.0030791094 | F55: =(F54-E54)/E54 -> 0.0043683589 | G55: =(G54-F54)/F54 -> 0.0063477136 | H55: =(H54-G54)/G54 -> 0.0044387338 | I55: =(I54-H54)/H54 -> -0.00011629259 | J55: =(J54-I54)/I54 -> -0.0010467551 | K55: =(K54-J54)/J54 -> 0.0033764117 | ... O55: =(O54-N54)/N54 -> 0.004476584
B58: Sector | C58: Rural+Urban | Q58: Rural+Urban
A59: Basic Food Items | B59: Categories | C59: May | D59: June | E59: July | F59: August | G59: September | H59: October | I59: November | J59: December | K59: January | L59: February | M59: March | N59: April | O59: May | Q59: 44713 | R59: 44743 | S59: 44774 | T59: 44805 | U59: 44835 | V59: 44866 | W59: 44896 | X59: 44927 | Y59: 44958 | Z59: 44986 | AA59: 45017 | AB59: 45047 | AC59: 12 Month Inflation
B60: Cereals and products | C60: 154.1 | D60: 155 | E60: 156.5 | F60: 160.3 | G60: 163.5 | H60: 165.2 | I60: 167.4 | J60: 169.2 | K60: 173.8 | L60: 174.4 | M60: 174.4 | N60: 173.8 | O60: 173.7 | Q60: =(D60-C60)/C60 -> 0.0058403634 | R60: =(E60-D60)/D60 -> 0.0096774194 | S60: =(F60-E60)/E60 -> 0.02428115 | T60: =(G60-F60)/F60 -> 0.01996257 | U60: =(H60-G60)/G60 -> 0.010397554 | V60: =(I60-H60)/H60 -> 0.013317191 | W60: =(J60-I60)/I60 -> 0.010752688 | X60: =(K60-J60)/J60 -> 0.027186761 | ... AB60: =(O60-N60)/N60 -> -0.00057537399 | AC60: =($O60-$C60)/$C60 -> 0.12719014
B61: Meat and fish | C61: 217 | D61: 219.4 | E61: 213 | F61: 206.5 | G61: 209.2 | H61: 210.9 | I61: 209.4 | J61: 209 | K61: 210.7 | L61: 207.7 | M61: 207.7 | N61: 209.3 | O61: 214.3 | Q61: =(D61-C61)/C61 -> 0.011059908 | R61: =(E61-D61)/D61 -> -0.029170465 | S61: =(F61-E61)/E61 -> -0.030516432 | T61: =(G61-F61)/F61 -> 0.013075061 | U61: =(H61-G61)/G61 -> 0.008126195 | V61: =(I61-H61)/H61 -> -0.0071123755 | W61: =(J61-I61)/I61 -> -0.0019102197 | X61: =(K61-J61)/J61 -> 0.0081339713 | ... AB61: =(O61-N61)/N61 -> 0.023889154 | AC61: =($O61-$C61)/$C61 -> -0.012442396
B62: Egg | C62: 162.4 | D62: 170.8 | E62: 175.2 | F62: 169.2 | G62: 169.7 | H62: 170.9 | I62: 181.4 | J62: 190.2 | K62: 194.5 | L62: 175.2 | M62: 175.2 | N62: 169.6 | O62: 173.2 | Q62: =(D62-C62)/C62 -> 0.051724138 | R62: =(E62-D62)/D62 -> 0.025761124 | S62: =(F62-E62)/E62 -> -0.034246575 | T62: =(G62-F62)/F62 -> 0.0029550827 | U62: =(H62-G62)/G62 -> 0.0070713023 | V62: =(I62-H62)/H62 -> 0.061439438 | W62: =(J62-I62)/I62 -> 0.048511577 | X62: =(K62-J62)/J62 -> 0.022607781 | ... AB62: =(O62-N62)/N62 -> 0.021226415 | AC62: =($O62-$C62)/$C62 -> 0.066502463
B63: Milk and products | C63: 164.9 | D63: 165.8 | E63: 166.6 | F63: 168.1 | G63: 169.7 | H63: 170.9 | I63: 172.3 | J63: 173.6 | K63: 174.6 | L63: 177.3 | M63: 177.3 | N63: 178.4 | O63: 179.5 | Q63: =(D63-C63)/C63 -> 0.0054578532 | R63: =(E63-D63)/D63 -> 0.0048250905 | S63: =(F63-E63)/E63 -> 0.0090036014 | T63: =(G63-F63)/F63 -> 0.009518144 | U63: =(H63-G63)/G63 -> 0.0070713023 | V63: =(I63-H63)/H63 -> 0.0081919251 | W63: =(J63-I63)/I63 -> 0.0075449797 | X63: =(K63-J63)/J63 -> 0.0057603687 | ... AB63: =(O63-N63)/N63 -> 0.0061659193 | AC63: =($O63-$C63)/$C63 -> 0.088538508
B64: Oils and fats | C64: 202.4 | D64: 200.9 | E64: 195.8 | F64: 192.4 | G64: 188.7 | H64: 186.5 | I64: 188.9 | J64: 188.5 | K64: 187.2 | L64: 179.3 | M64: 179.2 | N64: 174.9 | O64: 170 | Q64: =(D64-C64)/C64 -> -0.0074110672 | R64: =(E64-D64)/D64 -> -0.025385764 | S64: =(F64-E64)/E64 -> -0.017364658 | T64: =(G64-F64)/F64 -> -0.019230769 | U64: =(H64-G64)/G64 -> -0.011658718 | V64: =(I64-H64)/H64 -> 0.012868633 | W64: =(J64-I64)/I64 -> -0.0021175225 | X64: =(K64-J64)/J64 -> -0.0068965517 | ... AB64: =(O64-N64)/N64 -> -0.028016009 | AC64: =($O64-$C64)/$C64 -> -0.16007905
B65: Fruits | C65: 171 | D65: 169.7 | E65: 174.2 | F65: 172.9 | G65: 165.7 | H65: 163.8 | I65: 160.7 | J65: 158 | K65: 158.3 | L65: 169.5 | M65: 169.5 | N65: 176.3 | O65: 172.2 | Q65: =(D65-C65)/C65 -> -0.0076023392 | R65: =(E65-D65)/D65 -> 0.026517384 | S65: =(F65-E65)/E65 -> -0.0074626866 | T65: =(G65-F65)/F65 -> -0.041642568 | U65: =(H65-G65)/G65 -> -0.011466506 | V65: =(I65-H65)/H65 -> -0.018925519 | W65: =(J65-I65)/I65 -> -0.016801493 | X65: =(K65-J65)/J65 -> 0.0018987342 | ... AB65: =(O65-N65)/N65 -> -0.023255814 | AC65: =($O65-$C65)/$C65 -> 0.0070175439
B66: Vegetables | C66: 174.9 | D66: 182.3 | E66: 182.1 | F66: 186.7 | G66: 191.8 | H66: 199.7 | I66: 183.1 | J66: 159.9 | K66: 153.9 | L66: 152.7 | M66: 152.8 | N66: 155.4 | O66: 161 | Q66: =(D66-C66)/C66 -> 0.042309891 | R66: =(E66-D66)/D66 -> -0.0010970927 | S66: =(F66-E66)/E66 -> 0.025260846 | T66: =(G66-F66)/F66 -> 0.027316551 | U66: =(H66-G66)/G66 -> 0.041188738 | V66: =(I66-H66)/H66 -> -0.083124687 | W66: =(J66-I66)/I66 -> -0.12670672 | X66: =(K66-J66)/J66 -> -0.037523452 | ... AB66: =(O66-N66)/N66 -> 0.036036036 | AC66: =($O66-$C66)/$C66 -> -0.079473985
B67: Pulses and products | C67: 164.7 | D67: 164.3 | E67: 164.3 | F67: 167.2 | G67: 169.1 | H67: 169.8 | I67: 170.5 | J67: 170.8 | K67: 170.9 | L67: 171 | M67: 171.1 | N67: 173.4 | O67: 175.6 | Q67: =(D67-C67)/C67 -> -0.0024286582 | R67: =(E67-D67)/D67 -> 0 | S67: =(F67-E67)/E67 -> 0.017650639 | T67: =(G67-F67)/F67 -> 0.011363636 | U67: =(H67-G67)/G67 -> 0.0041395624 | V67: =(I67-H67)/H67 -> 0.0041224971 | W67: =(J67-I67)/I67 -> 0.0017595308 | X67: =(K67-J67)/J67 -> 0.00058548009 | ... AB67: =(O67-N67)/N67 -> 0.012687428 | AC67: =($O67-$C67)/$C67 -> 0.066180935
B68: Spices | C68: 184.9 | D68: 187.1 | E68: 190 | F68: 193.6 | G68: 197.3 | H68: 199.9 | I68: 202.8 | J68: 205.2 | K68: 208.4 | L68: 209.7 | M68: 209.7 | N68: 212.9 | O68: 218 | Q68: =(D68-C68)/C68 -> 0.011898323 | R68: =(E68-D68)/D68 -> 0.015499733 | S68: =(F68-E68)/E68 -> 0.018947368 | T68: =(G68-F68)/F68 -> 0.01911157 | U68: =(H68-G68)/G68 -> 0.013177902 | V68: =(I68-H68)/H68 -> 0.014507254 | W68: =(J68-I68)/I68 -> 0.01183432 | X68: =(K68-J68)/J68 -> 0.015594542 | ... AB68: =(O68-N68)/N68 -> 0.023954908 | AC68: =($O68-$C68)/$C68 -> 0.17901568
A69: Other Food and Intoxicants | B69: Sugar and Confectionery | C69: 119.7 | D69: 119.9 | E69: 120 | F69: 120.9 | G69: 121.6 | H69: 121.9 | I69: 122.1 | J69: 121.8 | K69: 121.1 | L69: 120 | M69: 120 | N69: 121.3 | O69: 122.7 | Q69: =(D69-C69)/C69 -> 0.0016708438 | R69: =(E69-D69)/D69 -> 0.00083402836 | S69: =(F69-E69)/E69 -> 0.0075 | T69: =(G69-F69)/F69 -> 0.005789909 | U69: =(H69-G69)/G69 -> 0.0024671053 | V69: =(I69-H69)/H69 -> 0.0016406891 | W69: =(J69-I69)/I69 -> -0.0024570025 | X69: =(K69-J69)/J69 -> -0.0057471264 | ... AB69: =(O69-N69)/N69 -> 0.011541632 | AC69: =($O69-$C69)/$C69 -> 0.025062657
B70: Non-alcoholic beverages | C70: 167.1 | D70: 167.9 | E70: 168.4 | F70: 168.8 | G70: 169.4 | H70: 169.9 | I70: 170.4 | J70: 171 | K70: 171.4 | L70: 172.3 | M70: 172.3 | N70: 172.9 | O70: 173.4 | Q70: =(D70-C70)/C70 -> 0.0047875524 | R70: =(E70-D70)/D70 -> 0.0029779631 | S70: =(F70-E70)/E70 -> 0.0023752969 | T70: =(G70-F70)/F70 -> 0.0035545024 | U70: =(H70-G70)/G70 -> 0.0029515939 | V70: =(I70-H70)/H70 -> 0.0029429076 | W70: =(J70-I70)/I70 -> 0.0035211268 | X70: =(K70-J70)/J70 -> 0.0023391813 | ... AB70: =(O70-N70)/N70 -> 0.002891845 | AC70: =($O70-$C70)/$C70 -> 0.037701975
B71: Prepared meals, snacks, sweets, etc. | C71: 182.5 | D71: 183.9 | E71: 185.2 | F71: 186.3 | G71: 187.4 | H71: 188.3 | I71: 189.5 | J71: 190.3 | K71: 191.2 | L71: 193 | M71: 193 | N71: 193.5 | O71: 194.2 | Q71: =(D71-C71)/C71 -> 0.0076712329 | R71: =(E71-D71)/D71 -> 0.0070690593 | S71: =(F71-E71)/E71 -> 0.0059395248 | T71: =(G71-F71)/F71 -> 0.0059044552 | U71: =(H71-G71)/G71 -> 0.0048025614 | V71: =(I71-H71)/H71 -> 0.0063728093 | W71: =(J71-I71)/I71 -> 0.0042216359 | X71: =(K71-J71)/J71 -> 0.0047293747 | ... AB71: =(O71-N71)/N71 -> 0.0036175711 | AC71: =($O71-$C71)/$C71 -> 0.064109589
B72: Food and beverages | C72: 173.3 | D72: 174.9 | E72: 175 | F72: 176.3 | G72: 177.8 | H72: 179.6 | I72: 178.3 | J72: 175.9 | K72: 176.7 | L72: 177 | M72: 177 | N72: 177.9 | O72: 179.1 | Q72: =(D72-C72)/C72 -> 0.0092325447 | R72: =(E72-D72)/D72 -> 0.00057175529 | S72: =(F72-E72)/E72 -> 0.0074285714 | T72: =(G72-F72)/F72 -> 0.0085082246 | U72: =(H72-G72)/G72 -> 0.010123735 | V72: =(I72-H72)/H72 -> -0.0072383073 | W72: =(J72-I72)/I72 -> -0.01346046 | X72: =(K72-J72)/J72 -> 0.0045480387 | ... AB72: =(O72-N72)/N72 -> 0.0067453626 | AC72: =($O72-$C72)/$C72 -> 0.033467975
B73: Pan, tobacco, and intoxicants | C73: 194.1 | D73: 194.3 | E73: 194.6 | F73: 195 | G73: 195.9 | H73: 196.3 | I73: 196.9 | J73: 197.3 | K73: 198.2 | L73: 199.5 | M73: 199.5 | N73: 200.6 | O73: 201 | Q73: =(D73-C73)/C73 -> 0.0010303967 | R73: =(E73-D73)/D73 -> 0.0015440041 | S73: =(F73-E73)/E73 -> 0.0020554985 | T73: =(G73-F73)/F73 -> 0.0046153846 | U73: =(H73-G73)/G73 -> 0.0020418581 | V73: =(I73-H73)/H73 -> 0.0030565461 | W73: =(J73-I73)/I73 -> 0.0020314881 | X73: =(K73-J73)/J73 -> 0.0045615813 | ... AB73: =(O73-N73)/N73 -> 0.0019940179 | AC73: =($O73-$C73)/$C73 -> 0.035548686
B76: Year | C76: 44682 | D76: 44713 | E76: 44743 | F76: 44774 | G76: 44805 | H76: 44835 | I76: 44866 | J76: 44896 | K76: 44927 | L76: 44958 | M76: 44986 | N76: 45017 | O76: 45047
B77: Basic Food Items | C77: =SUM(C60:C68) -> 1596.3 | D77: =SUM(D60:D68) -> 1615.3 | E77: =SUM(E60:E68) -> 1617.7 | F77: =SUM(F60:F68) -> 1616.9 | G77: =SUM(G60:G68) -> 1624.7 | H77: =SUM(H60:H68) -> 1637.6 | I77: =SUM(I60:I68) -> 1636.5 | J77: =SUM(J60:J68) -> 1624.4 | ... O77: =SUM(O60:O68) -> 1637.5
C78: Inflation M-O-M | D78: =(D77-C77)/C77 -> 0.011902525 | E78: =(E77-D77)/D77 -> 0.0014857921 | F78: =(F77-E77)/E77 -> -0.00049452927 | G78: =(G77-F77)/F77 -> 0.004824046 | H78: =(H77-G77)/G77 -> 0.0079399274 | I78: =(I77-H77)/H77 -> -0.0006717147 | J78: =(J77-I77)/I77 -> -0.0073938283 | K78: =(K77-J77)/J77 -> 0.0048633342 | ... O78: =(O77-N77)/N77 -> 0.0083128079
B80: Other Food and Intoxicants | C80: =SUM(C69:C73) -> 836.7 | D80: =SUM(D69:D73) -> 840.9 | E80: =SUM(E69:E73) -> 843.2 | F80: =SUM(F69:F73) -> 847.3 | G80: =SUM(G69:G73) -> 852.1 | H80: =SUM(H69:H73) -> 856 | I80: =SUM(I69:I73) -> 857.2 | J80: =SUM(J69:J73) -> 856.3 | ... O80: =SUM(O69:O73) -> 870.4
C81: Inflation M-O-M | D81: =(D80-C80)/C80 -> 0.0050197203 | E81: =(E80-D80)/D80 -> 0.0027351647 | F81: =(F80-E80)/E80 -> 0.0048624288 | G81: =(G80-F80)/F80 -> 0.0056650537 | H81: =(H80-G80)/G80 -> 0.0045769276 | I81: =(I80-H80)/H80 -> 0.0014018692 | J81: =(J80-I80)/I80 -> -0.00104993 | K81: =(K80-J80)/J80 -> 0.0026859745 | ... O81: =(O80-N80)/N80 -> 0.0048487647

Sheet Q4 Rural Covid Impact
B3: Covid Impact on Rural sector | V3: M-O-M Inflation Rate | AG3: Rural Y-O-Y Inflation Rate
B5: Sector | C5: Year | D5: Month | E5: Cereals and products | F5: Meat and fish | G5: Egg | H5: Milk and products | I5: Oils and fats | J5: Fruits | K5: Vegetables | L5: Pulses and products | M5: Spices | N5: Food Products Combined | O5: Fuel and light | P5: Health | Q5: Transport and communication | R5: Education | S5: Household goods and services | T5: General index | V5: Year | W5: Month | X5: Month and Year | Y5: Food Products Combined | Z5: Fuel and light | AA5: Health | AB5: Transport and communication | AC5: Education | AD5: Household goods and services | AE5: General index | AG5: Year | AH5: Food Products Combined | AI5: Fuel and light | AJ5: Health | AK5: Transport and communication | AL5: Education | AM5: Household goods and services | AN5: General index
B6: Rural | C6: 2017 | D6: March | E6: 133.6 | F6: 138.8 | G6: 128.8 | H6: 137.2 | I6: 121.6 | J6: 139.7 | K6: 119.7 | L6: 148 | M6: 135.6 | N6: =SUM(E6:M6) -> 1203 | O6: 134.2 | P6: 130.6 | Q6: 119.8 | R6: 135.2 | S6: 134.1 | T6: 132.8 | V6: 2017 | W6: March | X6: =_xlfn.CONCAT(W6," ",V6) -> March 2017 | AG6: 2017-18 | AH6: =($N6-$N17)/$N6 -> -0.033000831 | AI6: =($O6-$O17)/$O6 -> -0.061102832 | AJ6: =(P$6-P$17)/P$6 -> -0.04287902 | AK6: =(Q$6-Q$17)/Q$6 -> -0.029215359 | AL6: =(R$6-R$17)/R$6 -> -0.046597633 | AM6: =(S$6-S$17)/S$6 -> -0.043251305 | AN6: =(T$6-T$17)/T$6 -> -0.042921687
B7: Rural | C7: 2017 | D7: April | E7: 133.2 | F7: 138.7 | G7: 127.1 | H7: 137.7 | I7: 121.3 | J7: 141.8 | K7: 121.5 | L7: 144.5 | M7: 134.1 | N7: =SUM(E7:M7) -> 1199.9 | O7: 135 | P7: 131 | Q7: 119.2 | R7: 135.7 | S7: 134.3 | T7: 132.9 | V7: 2017 | W7: April | X7: =_xlfn.CONCAT(W7," ",V7) -> April 2017 | Y7: =($N7-$N6)/$N6 -> -0.0025768911 | Z7: =($O7-$O6)/$O6 -> 0.0059612519 | AA7: =($P7-$P6)/$P6 -> 0.0030627871 | AB7: =($Q7-$Q6)/$Q6 -> -0.0050083472 | AC7: =($R7-$R6)/$R6 -> 0.0036982249 | AD7: =($S7-$S6)/$S6 -> 0.0014914243 | AE7: =($T7-$T6)/$T6 -> 0.00075301205 | AG7: 2018-19 | AH7: =($N29-$N18)/$N18 -> -0.017387105 | AI7: =($O29-$O18)/$O18 -> 0.018934081 | AJ7: =(P$29-P$18)/P$18 -> 0.096561814 | AK7: =(Q$29-Q$18)/Q$18 -> 0.036918138 | AL7: =(R$29-R$18)/R$18 -> 0.089698669 | AM7: =(S$29-S$18)/S$18 -> 0.072909221 | AN7: =(T$29-T$18)/T$18 -> 0.016582552
B8: Rural | C8: 2017 | D8: May | E8: 133.1 | F8: 140.3 | G8: 126.8 | H8: 138.2 | I8: 120.8 | J8: 140.2 | K8: 123.8 | L8: 141.8 | M8: 134 | N8: =SUM(E8:M8) -> 1199 | O8: 135 | P8: 131.4 | Q8: 119.4 | R8: 136.3 | S8: 134.9 | T8: 133.3 | V8: 2017 | W8: May | X8: =_xlfn.CONCAT(W8," ",V8) -> May 2017 | Y8: =($N8-$N7)/$N7 -> -0.00075006251 | Z8: =($O8-$O7)/$O7 -> 0 | AA8: =($P8-$P7)/$P7 -> 0.0030534351 | AB8: =($Q8-$Q7)/$Q7 -> 0.0016778523 | AC8: =($R8-$R7)/$R7 -> 0.0044215181 | AD8: =($S8-$S7)/$S7 -> 0.0044676098 | AE8: =($T8-$T7)/$T7 -> 0.0030097818 | AG8: 2019-20 | AH8: =($N40-$N30)/$N30 -> 0.10296284 | AI8: =($O40-$O30)/$O30 -> 0.040300546 | AJ8: =(P$40-P$30)/P$30 -> 0.03856383 | AK8: =(Q$40-Q$30)/Q$30 -> 0.046959199 | AL8: =(R$40-R$30)/R$30 -> 0.041157556 | AM8: =(S$40-S$30)/S$30 -> 0.012 | AN8: =(T$40-T$30)/T$30 -> 0.065155807
B9: Rural | C9: 2017 | D9: June | E9: 133.5 | F9: 143.7 | G9: 128 | H9: 138.6 | I9: 120.9 | J9: 140.9 | K9: 128.8 | L9: 140.2 | M9: 133.5 | N9: =SUM(E9:M9) -> 1208.1 | O9: 134.8 | P9: 131.3 | Q9: 119.4 | R9: 136.9 | S9: 135.2 | T9: 133.9 | V9: 2017 | W9: June | X9: =_xlfn.CONCAT(W9," ",V9) -> June 2017 | Y9: =($N9-$N8)/$N8 -> 0.007589658 | Z9: =($O9-$O8)/$O8 -> -0.0014814815 | AA9: =($P9-$P8)/$P8 -> -0.00076103501 | AB9: =($Q9-$Q8)/$Q8 -> 0 | AC9: =($R9-$R8)/$R8 -> 0.0044020543 | AD9: =($S9-$S8)/$S8 -> 0.0022238695 | AE9: =($T9-$T8)/$T8 -> 0.0045011253
B10: Rural | C10: 2017 | D10: July | E10: 134 | F10: 144.2 | G10: 129.8 | H10: 139 | I10: 120.9 | J10: 143.9 | K10: 151.5 | L10: 138.1 | M10: 133.9 | N10: =SUM(E10:M10) -> 1235.3 | O10: 135.3 | P10: 132.1 | Q10: 119.1 | R10: 138.6 | S10: 136.1 | T10: 136.2 | V10: 2017 | W10: July | X10: =_xlfn.CONCAT(W10," ",V10) -> July 2017 | Y10: =($N10-$N9)/$N9 -> 0.022514692 | Z10: =($O10-$O9)/$O9 -> 0.0037091988 | AA10: =($P10-$P9)/$P9 -> 0.006092917 | AB10: =($Q10-$Q9)/$Q9 -> -0.0025125628 | AC10: =($R10-$R9)/$R9 -> 0.012417823 | AD10: =($S10-$S9)/$S9 -> 0.0066568047 | AE10: =($T10-$T9)/$T9 -> 0.017176998 | AG10: 2020-21 | AH10: =($N52-$N41)/$N41 -> 0.074454525 | AI10: =($O52-$O41)/$O41 -> 0.0065189048 | AJ10: =(P$52-P$41)/P$41 -> 0.048500319 | AK10: =(Q$52-Q$41)/Q$41 -> 0.10603829 | AL10: =(R$52-R$41)/R$41 -> 0.014888337 | AM10: =(S$52-S$41)/S$41 -> 0.021782178 | AN10: =(T$52-T$41)/T$41 -> 0.046061415
B11: Rural | C11: 2017 | D11: August | E11: 134.8 | F11: 143.1 | G11: 130 | H11: 139.4 | I11: 120.5 | J11: 148 | K11: 162.9 | L11: 137.4 | M11: 134.7 | N11: =SUM(E11:M11) -> 1250.8 | O11: 136.4 | P11: 133 | Q11: 120.3 | R11: 140.2 | S11: 137.3 | T11: 137.8 | V11: 2017 | W11: August | X11: =_xlfn.CONCAT(W11," ",V11) -> August 2017 | Y11: =($N11-$N10)/$N10 -> 0.012547559 | Z11: =($O11-$O10)/$O10 -> 0.0081300813 | AA11: =($P11-$P10)/$P10 -> 0.0068130204 | AB11: =($Q11-$Q10)/$Q10 -> 0.010075567 | AC11: =($R11-$R10)/$R10 -> 0.011544012 | AD11: =($S11-$S10)/$S10 -> 0.0088170463 | AE11: =($T11-$T10)/$T10 -> 0.01174743 | AG11: 2021-22 | AH11: =($N64-$N53)/$N53 -> 0.062198953 | AI11: =($O64-$O53)/$O53 -> 0.073076923 | AJ11: =(P$64-P$53)/P$53 -> 0.065006075 | AK11: =(Q$64-Q$53)/Q$53 -> 0.065432915 | AL11: =(R$64-R$53)/R$53 -> 0.03968254 | AM11: =(S$64-S$53)/S$53 -> 0.070413437 | AN11: =(T$64-T$53)/T$53 -> 0.063816209
B12: Rural | C12: 2017 | D12: September | E12: 135.2 | F12: 142 | G12: 130.5 | H12: 140.2 | I12: 120.7 | J12: 147.8 | K12: 154.5 | L12: 137.1 | M12: 134.7 | N12: =SUM(E12:M12) -> 1242.7 | O12: 137.4 | P12: 133.4 | Q12: 121.2 | R12: 139.6 | S12: 137.9 | T12: 137.6 | V12: 2017 | W12: September | X12: =_xlfn.CONCAT(W12," ",V12) -> September 2017 | Y12: =($N12-$N11)/$N11 -> -0.0064758555 | Z12: =($O12-$O11)/$O11 -> 0.0073313783 | AA12: =($P12-$P11)/$P11 -> 0.0030075188 | AB12: =($Q12-$Q11)/$Q11 -> 0.0074812968 | AC12: =($R12-$R11)/$R11 -> -0.0042796006 | AD12: =($S12-$S11)/$S11 -> 0.0043699927 | AE12: =($T12-$T11)/$T11 -> -0.0014513788 | AG12: 2022-23 | AH12: =($N65-$N76)/$N65 -> -0.037844482 | AI12: =($O65-$O76)/$O65 -> -0.075192422 | AJ12: =(P$65-P$76)/P$65 -> -0.060227273 | AK12: =(Q$65-Q$76)/Q$65 -> -0.043209877 | AL12: =(R$65-R$76)/R$65 -> -0.046307151 | AM12: =(S$65-S$76)/S$65 -> -0.072672673 | AN12: =(T$65-T$76)/T$65 -> -0.055127445
B13: Rural | C13: 2017 | D13: October | E13: 135.9 | F13: 141.9 | G13: 131 | H13: 141.5 | I13: 121.4 | J13: 146.7 | K13: 157.1 | L13: 136.4 | M13: 135.6 | N13: =SUM(E13:M13) -> 1247.5 | O13: 138.1 | P13: 134.2 | Q13: 121 | R13: 140.1 | S13: 138.4 | T13: 138.3 | V13: 2017 | W13: October | X13: =_xlfn.CONCAT(W13," ",V13) -> October 2017 | Y13: =($N13-$N12)/$N12 -> 0.0038625573 | Z13: =($O13-$O12)/$O12 -> 0.0050946143 | AA13: =($P13-$P12)/$P12 -> 0.0059970015 | AB13: =($Q13-$Q12)/$Q12 -> -0.001650165 | AC13: =($R13-$R12)/$R12 -> 0.0035816619 | AD13: =($S13-$S12)/$S12 -> 0.0036258158 | AE13: =($T13-$T12)/$T12 -> 0.0050872093
B14: Rural | C14: 2017 | D14: November | E14: 136.3 | F14: 142.5 | G14: 140.5 | H14: 141.5 | I14: 121.6 | J14: 147.3 | K14: 168 | L14: 135.8 | M14: 136 | N14: =SUM(E14:M14) -> 1269.5 | O14: 141.1 | P14: 135.8 | Q14: 121.6 | R14: 141.5 | S14: 139.4 | T14: 140 | V14: 2017 | W14: November | X14: =_xlfn.CONCAT(W14," ",V14) -> November 2017 | Y14: =($N14-$N13)/$N13 -> 0.017635271 | Z14: =($O14-$O13)/$O13 -> 0.021723389 | AA14: =($P14-$P13)/$P13 -> 0.011922504 | AB14: =($Q14-$Q13)/$Q13 -> 0.0049586777 | AC14: =($R14-$R13)/$R13 -> 0.0099928622 | AD14: =($S14-$S13)/$S13 -> 0.0072254335 | AE14: =($T14-$T13)/$T13 -> 0.012292119
B15: Rural | C15: 2017 | D15: December | E15: 136.4 | F15: 143.7 | G15: 144.8 | H15: 141.9 | I15: 123.1 | J15: 147.2 | K15: 161 | L15: 133.8 | M15: 135.8 | N15: =SUM(E15:M15) -> 1267.7 | O15: 142.6 | P15: 136.1 | Q15: 122 | R15: 141.1 | S15: 139.5 | T15: 139.8 | V15: 2017 | W15: December | X15: =_xlfn.CONCAT(W15," ",V15) -> December 2017 | Y15: =($N15-$N14)/$N14 -> -0.0014178811 | Z15: =($O15-$O14)/$O14 -> 0.010630758 | AA15: =($P15-$P14)/$P14 -> 0.0022091311 | AB15: =($Q15-$Q14)/$Q14 -> 0.0032894737 | AC15: =($R15-$R14)/$R14 -> -0.0028268551 | AD15: =($S15-$S14)/$S14 -> 0.00071736011 | AE15: =($T15-$T14)/$T14 -> -0.0014285714
B16: Rural | C16: 2018 | D16: January | E16: 136.6 | F16: 144.4 | G16: 143.8 | H16: 142 | I16: 123.2 | J16: 147.9 | K16: 152.1 | L16: 131.8 | M16: 136 | N16: =SUM(E16:M16) -> 1257.8 | O16: 142.3 | P16: 136 | Q16: 122.7 | R16: 141.6 | S16: 139.8 | T16: 139.3 | V16: 2018 | W16: January | X16: =_xlfn.CONCAT(W16," ",V16) -> January 2018 | Y16: =($N16-$N15)/$N15 -> -0.0078094186 | Z16: =($O16-$O15)/$O15 -> -0.0021037868 | AA16: =($P16-$P15)/$P15 -> -0.00073475386 | AB16: =($Q16-$Q15)/$Q15 -> 0.0057377049 | AC16: =($R16-$R15)/$R15 -> 0.0035435861 | AD16: =($S16-$S15)/$S15 -> 0.0021505376 | AE16: =($T16-$T15)/$T15 -> -0.0035765379
B17: Rural | C17: 2018 | D17: February | E17: 136.4 | F17: 143.7 | G17: 140.6 | H17: 141.5 | I17: 122.9 | J17: 149.4 | K17: 142.4 | L17: 130.2 | M17: 135.6 | N17: =SUM(E17:M17) -> 1242.7 | O17: 142.4 | P17: 136.2 | Q17: 123.3 | R17: 141.5 | S17: 139.9 | T17: 138.5 | V17: 2018 | W17: February | X17: =_xlfn.CONCAT(W17," ",V17) -> February 2018 | Y17: =($N17-$N16)/$N16 -> -0.012005088 | Z17: =($O17-$O16)/$O16 -> 0.00070274069 | AA17: =($P17-$P16)/$P16 -> 0.0014705882 | AB17: =($Q17-$Q16)/$Q16 -> 0.0048899756 | AC17: =($R17-$R16)/$R16 -> -0.00070621469 | AD17: =($S17-$S16)/$S16 -> 0.00071530758 | AE17: =($T17-$T16)/$T16 -> -0.0057430007
B18: Rural | C18: 2018 | D18: March | E18: 136.8 | F18: 143.8 | G18: 140 | H18: 142 | I18: 123.2 | J18: 152.9 | K18: 138 | L18: 129.3 | M18: 136.3 | N18: =SUM(E18:M18) -> 1242.3 | O18: 142.6 | P18: 136.7 | Q18: 124.6 | R18: 142.7 | S18: 139.9 | T18: 138.7 | V18: 2018 | W18: March | X18: =_xlfn.CONCAT(W18," ",V18) -> March 2018 | Y18: =($N18-$N17)/$N17 -> -0.00032187978 | Z18: =($O18-$O17)/$O17 -> 0.0014044944 | AA18: =($P18-$P17)/$P17 -> 0.003671072 | AB18: =($Q18-$Q17)/$Q17 -> 0.01054339 | AC18: =($R18-$R17)/$R17 -> 0.0084805654 | AD18: =($S18-$S17)/$S17 -> 0 | AE18: =($T18-$T17)/$T17 -> 0.0014440433
B19: Rural | C19: 2018 | D19: April | E19: 137.1 | F19: 144.5 | G19: 135.9 | H19: 142.4 | I19: 123.5 | J19: 156.4 | K19: 135.1 | L19: 128.4 | M19: 137.2 | N19: =SUM(E19:M19) -> 1240.5 | O19: 143.8 | P19: 137.6 | Q19: 125.3 | R19: 143.7 | S19: 140.9 | T19: 139.1 | V19: 2018 | W19: April | X19: =_xlfn.CONCAT(W19," ",V19) -> April 2018 | Y19: =($N19-$N18)/$N18 -> -0.0014489254 | Z19: =($O19-$O18)/$O18 -> 0.0084151473 | AA19: =($P19-$P18)/$P18 -> 0.0065837601 | AB19: =($Q19-$Q18)/$Q18 -> 0.0056179775 | AC19: =($R19-$R18)/$R18 -> 0.0070077085 | AD19: =($S19-$S18)/$S18 -> 0.0071479628 | AE19: =($T19-$T18)/$T18 -> 0.0028839221
B20: Rural | C20: 2018 | D20: May | E20: 137.4 | F20: 145.7 | G20: 135.5 | H20: 142.9 | I20: 123.6 | J20: 157.5 | K20: 137.8 | L20: 127.2 | M20: 137.4 | N20: =SUM(E20:M20) -> 1245 | O20: 144.3 | P20: 138.4 | Q20: 126.4 | R20: 144.4 | S20: 141.8 | T20: 139.8 | V20: 2018 | W20: May | X20: =_xlfn.CONCAT(W20," ",V20) -> May 2018 | Y20: =($N20-$N19)/$N19 -> 0.0036275695 | Z20: =($O20-$O19)/$O19 -> 0.0034770515 | AA20: =($P20-$P19)/$P19 -> 0.0058139535 | AB20: =($Q20-$Q19)/$Q19 -> 0.0087789306 | AC20: =($R20-$R19)/$R19 -> 0.0048712596 | AD20: =($S20-$S19)/$S19 -> 0.0063875089 | AE20: =($T20-$T19)/$T19 -> 0.0050323508
B21: Rural | C21: 2018 | D21: June | E21: 137.6 | F21: 148.1 | G21: 136.7 | H21: 143.2 | I21: 124 | J21: 154.1 | K21: 143.5 | L21: 126 | M21: 137.6 | N21: =SUM(E21:M21) -> 1250.8 | O21: 145.1 | P21: 138.4 | Q21: 127.4 | R21: 145.1 | S21: 142.2 | T21: 140.5 | V21: 2018 | W21: June | X21: =_xlfn.CONCAT(W21," ",V21) -> June 2018 | Y21: =($N21-$N20)/$N20 -> 0.0046586345 | Z21: =($O21-$O20)/$O20 -> 0.0055440055 | AA21: =($P21-$P20)/$P20 -> 0 | AB21: =($Q21-$Q20)/$Q20 -> 0.0079113924 | AC21: =($R21-$R20)/$R20 -> 0.0048476454 | AD21: =($S21-$S20)/$S20 -> 0.0028208745 | AE21: =($T21-$T20)/$T20 -> 0.0050071531
B22: Rural | C22: 2018 | D22: July | E22: 138.4 | F22: 149.3 | G22: 139.3 | H22: 143.4 | I22: 124.1 | J22: 153.3 | K22: 154.2 | L22: 126.4 | M22: 138.2 | N22: =SUM(E22:M22) -> 1266.6 | O22: 146.8 | P22: 139 | Q22: 127.5 | R22: 145.8 | S22: 143.1 | T22: 141.8 | V22: 2018 | W22: July | X22: =_xlfn.CONCAT(W22," ",V22) -> July 2018 | Y22: =($N22-$N21)/$N21 -> 0.012631916 | Z22: =($O22-$O21)/$O21 -> 0.011716058 | AA22: =($P22-$P21)/$P21 -> 0.0043352601 | AB22: =($Q22-$Q21)/$Q21 -> 0.00078492936 | AC22: =($R22-$R21)/$R21 -> 0.0048242591 | AD22: =($S22-$S21)/$S21 -> 0.0063291139 | AE22: =($T22-$T21)/$T21 -> 0.009252669
B23: Rural | C23: 2018 | D23: August | E23: 139.2 | F23: 148.8 | G23: 139.1 | H23: 143.5 | I23: 125 | J23: 154.4 | K23: 156.3 | L23: 126.8 | M23: 138.6 | N23: =SUM(E23:M23) -> 1271.7 | O23: 147.7 | P23: 139.4 | Q23: 128.3 | R23: 146.9 | S23: 143.8 | T23: 142.5 | V23: 2018 | W23: August | X23: =_xlfn.CONCAT(W23," ",V23) -> August 2018 | Y23: =($N23-$N22)/$N22 -> 0.0040265277 | Z23: =($O23-$O22)/$O22 -> 0.0061307902 | AA23: =($P23-$P22)/$P22 -> 0.0028776978 | AB23: =($Q23-$Q22)/$Q22 -> 0.0062745098 | AC23: =($R23-$R22)/$R22 -> 0.0075445816 | AD23: =($S23-$S22)/$S22 -> 0.0048916841 | AE23: =($T23-$T22)/$T22 -> 0.0049365303
B24: Rural | C24: 2018 | D24: September | E24: 139.4 | F24: 147.2 | G24: 136.6 | H24: 143.7 | I24: 124.6 | J24: 150.1 | K24: 149.4 | L24: 125.4 | M24: 138.7 | N24: =SUM(E24:M24) -> 1255.1 | O24: 149 | P24: 140 | Q24: 129.9 | R24: 147.6 | S24: 144 | T24: 142.1 | V24: 2018 | W24: September | X24: =_xlfn.CONCAT(W24," ",V24) -> September 2018 | Y24: =($N24-$N23)/$N23 -> -0.013053393 | Z24: =($O24-$O23)/$O23 -> 0.0088016249 | AA24: =($P24-$P23)/$P23 -> 0.0043041607 | AB24: =($Q24-$Q23)/$Q23 -> 0.012470772 | AC24: =($R24-$R23)/$R23 -> 0.0047651464 | AD24: =($S24-$S23)/$S23 -> 0.0013908206 | AE24: =($T24-$T23)/$T23 -> -0.0028070175
... B79: Rural | C79: 2023 | D79: May | E79: 173.2 | F79: 211.5 | G79: 171 | H79: 179.6 | I79: 173.3 | J79: 169 | K79: 148.7 | L79: 174.9 | M79: 221 | N79: =SUM(E79:M79) -> 1622.2 | O79: 182.5 | P79: 187.8 | Q79: 169.7 | R79: 180.3 | S79: 179.8 | T79: 179.8 | V79: 2023 | W79: May | X79: =_xlfn.CONCAT(W79," ",V79) -> May 2023 | Y79: =($N79-$N78)/$N78 -> 0.0078280318 | Z79: =($O79-$O78)/$O78 -> 0.0055096419 | AA79: =($P79-$P78)/$P78 -> 0.0032051282 | AB79: =($Q79-$Q78)/$Q78 -> 0.0017709563 | AC79: =($R79-$R78)/$R78 -> 0.0050167224 | AD79: =($S79-$S78)/$S78 -> 0.003908431 | AE79: =($T79-$T78)/$T78 -> 0.0055928412

Sheet Q4 Urban Covid Impact
B3: Covid Impact on Urban sector | V3: M-O-M Inflation Rate | AG3: Urban Y-O-Y Inflation Rate
B5: Sector | C5: Year | D5: Month | E5: Cereals and products | F5: Meat and fish | G5: Egg | H5: Milk and products | I5: Oils and fats | J5: Fruits | K5: Vegetables | L5: Pulses and products | M5: Spices | N5: Food Products Combined | O5: Fuel and light | P5: Health | Q5: Transport and communication | R5: Education | S5: Household goods and services | T5: General index | V5: Year | W5: Month | X5: Month and Year | Y5: Food Products Combined | Z5: Fuel and light | AA5: Health | AB5: Transport and communication | AC5: Education | AD5: Household goods and services | AE5: General index | AG5: Year | AH5: Food Products Combined | AI5: Fuel and light | AJ5: Health | AK5: Transport and communication | AL5: Education | AM5: Household goods and services | AN5: General index
B6: Urban | C6: 2017 | D6: March | E6: 132.7 | F6: 139.4 | G6: 128.4 | H6: 134.9 | I6: 114 | J6: 136.8 | K6: 122.2 | L6: 135.8 | M6: 142.6 | N6: =SUM(E6:M6) -> 1186.8 | O6: 120.8 | P6: 123.1 | Q6: 115.6 | R6: 132.8 | S6: 125.6 | T6: 128.7 | V6: 2017 | W6: March | X6: =_xlfn.CONCAT(W6," ",V6) -> March 2017 | AG6: 2017-18 | AH6: =($N6-$N17)/$N6 -> -0.014408493 | AI6: =($O6-$O17)/$O6 -> -0.053807947 | AJ6: =(P$6-P$17)/P$6 -> -0.054427295 | AK6: =(Q$6-Q$17)/Q$6 -> -0.015570934 | AL6: =(R$6-R$17)/R$6 -> -0.03313253 | AM6: =(S$6-S$17)/S$6 -> -0.034235669 | AN6: =(T$6-T$17)/T$6 -> -0.041181041
B7: Urban | C7: 2017 | D7: April | E7: 132.7 | F7: 140.6 | G7: 124.5 | H7: 136.3 | I7: 113.5 | J7: 137.7 | K7: 127.1 | L7: 133.8 | M7: 141.3 | N7: =SUM(E7:M7) -> 1187.5 | O7: 121.4 | P7: 123.4 | Q7: 114.3 | R7: 133.6 | S7: 126 | T7: 129.1 | V7: 2017 | W7: April | X7: =_xlfn.CONCAT(W7," ",V7) -> April 2017 | Y7: =($N7-$N6)/$N6 -> 0.00058982137 | Z7: =($O7-$O6)/$O6 -> 0.0049668874 | AA7: =($P7-$P6)/$P6 -> 0.0024370431 | AB7: =($Q7-$Q6)/$Q6 -> -0.011245675 | AC7: =($R7-$R6)/$R6 -> 0.0060240964 | AD7: =($S7-$S6)/$S6 -> 0.0031847134 | AE7: =($T7-$T6)/$T6 -> 0.0031080031 | AG7: 2018-19 | AH7: =($N29-$N18)/$N18 -> 0.026410665 | AI7: =($O29-$O18)/$O18 -> 0.0055379747 | AJ7: =(P$29-P$18)/P$18 -> 0.061302682 | AK7: =(Q$29-Q$18)/Q$18 -> 0.01188455 | AL7: =(R$29-R$18)/R$18 -> 0.063860668 | AM7: =(S$29-S$18)/S$18 -> 0.044342508 | AN7: =(T$29-T$18)/T$18 -> 0.034328358
B8: Urban | C8: 2017 | D8: May | E8: 132.6 | F8: 144.1 | G8: 125.6 | H8: 136.8 | I8: 113.4 | J8: 135.2 | K8: 129.2 | L8: 131.5 | M8: 139.9 | N8: =SUM(E8:M8) -> 1188.3 | O8: 120.1 | P8: 123.6 | Q8: 114.3 | R8: 133.8 | S8: 126.5 | T8: 129.3 | V8: 2017 | W8: May | X8: =_xlfn.CONCAT(W8," ",V8) -> May 2017 | Y8: =($N8-$N7)/$N7 -> 0.00067368421 | Z8: =($O8-$O7)/$O7 -> -0.010708402 | AA8: =($P8-$P7)/$P7 -> 0.0016207455 | AB8: =($Q8-$Q7)/$Q7 -> 0 | AC8: =($R8-$R7)/$R7 -> 0.001497006 | AD8: =($S8-$S7)/$S7 -> 0.003968254 | AE8: =($T8-$T7)/$T7 -> 0.0015491867 | AG8: 2019-20 | AH8: =($N40-$N30)/$N30 -> 0.10016181 | AI8: =($O40-$O30)/$O30 -> 0.078416149 | AJ8: =(P$40-P$30)/P$30 -> 0.037356322 | AK8: =(Q$40-Q$30)/Q$30 -> 0.044203503 | AL8: =(R$40-R$30)/R$30 -> 0.037491479 | AM8: =(S$40-S$30)/S$30 -> 0.026315789 | AN8: =(T$40-T$30)/T$30 -> 0.058781362
B9: Urban | C9: 2017 | D9: June | E9: 132.9 | F9: 148.7 | G9: 128.3 | H9: 137.3 | I9: 113.5 | J9: 137.2 | K9: 142.2 | L9: 128.2 | M9: 138.8 | N9: =SUM(E9:M9) -> 1207.1 | O9: 119 | P9: 123.8 | Q9: 113.9 | R9: 134.3 | S9: 126.8 | T9: 129.9 | V9: 2017 | W9: June | X9: =_xlfn.CONCAT(W9," ",V9) -> June 2017 | Y9: =($N9-$N8)/$N8 -> 0.015820921 | Z9: =($O9-$O8)/$O8 -> -0.0091590341 | AA9: =($P9-$P8)/$P8 -> 0.001618123 | AB9: =($Q9-$Q8)/$Q8 -> -0.0034995626 | AC9: =($R9-$R8)/$R8 -> 0.0037369208 | AD9: =($S9-$S8)/$S8 -> 0.0023715415 | AE9: =($T9-$T8)/$T8 -> 0.0046403712
B10: Urban | C10: 2017 | D10: July | E10: 132.8 | F10: 148.4 | G10: 129.4 | H10: 137.7 | I10: 113.4 | J10: 139.4 | K10: 175.1 | L10: 124.7 | M10: 137.8 | N10: =SUM(E10:M10) -> 1238.7 | O10: 119.7 | P10: 125 | Q10: 113.2 | R10: 135.5 | S10: 127.2 | T10: 131.8 | V10: 2017 | W10: July | X10: =_xlfn.CONCAT(W10," ",V10) -> July 2017 | Y10: =($N10-$N9)/$N9 -> 0.026178444 | Z10: =($O10-$O9)/$O9 -> 0.0058823529 | AA10: =($P10-$P9)/$P9 -> 0.0096930533 | AB10: =($Q10-$Q9)/$Q9 -> -0.0061457419 | AC10: =($R10-$R9)/$R9 -> 0.0089352197 | AD10: =($S10-$S9)/$S9 -> 0.0031545741 | AE10: =($T10-$T9)/$T9 -> 0.014626636 | AG10: 2020-21 | AH10: =($N52-$N41)/$N41 -> 0.095830231 | AI10: =($O52-$O41)/$O41 -> 0.054455446 | AJ10: =(P$52-P$41)/P$41 -> 0.077931034 | AK10: =(Q$52-Q$41)/Q$41 -> 0.12760835 | AL10: =(R$52-R$41)/R$41 -> 0.026885246 | AM10: =(S$52-S$41)/S$41 -> 0.040482955 | AN10: =(T$52-T$41)/T$41 -> 0.06245757
B11: Urban | C11: 2017 | D11: August | E11: 133.2 | F11: 143.9 | G11: 128.3 | H11: 138.3 | I11: 114.1 | J11: 142.7 | K11: 179.8 | L11: 123.5 | M11: 137.5 | N11: =SUM(E11:M11) -> 1241.3 | O11: 118.9 | P11: 125.7 | Q11: 114.6 | R11: 135.7 | S11: 127.7 | T11: 132.7 | V11: 2017 | W11: August | X11: =_xlfn.CONCAT(W11," ",V11) -> August 2017 | Y11: =($N11-$N10)/$N10 -> 0.0020989747 | Z11: =($O11-$O10)/$O10 -> -0.0066833751 | AA11: =($P11-$P10)/$P10 -> 0.0056 | AB11: =($Q11-$Q10)/$Q10 -> 0.012367491 | AC11: =($R11-$R10)/$R10 -> 0.0014760148 | AD11: =($S11-$S10)/$S10 -> 0.0039308176 | AE11: =($T11-$T10)/$T10 -> 0.0068285281 | AG11: 2021-22 | AH11: =($N64-$N53)/$N53 -> 0.059368192 | AI11: =($O64-$O53)/$O53 -> 0.052971576 | AJ11: =(P$64-P$53)/P$53 -> 0.065646909 | AK11: =(Q$64-Q$53)/Q$53 -> 0.080451658 | AL11: =(R$64-R$53)/R$53 -> 0.027918782 | AM11: =(S$64-S$53)/S$53 -> 0.069293478 | AN11: =(T$64-T$53)/T$53 -> 0.054811982
B12: Urban | C12: 2017 | D12: September | E12: 133.6 | F12: 143 | G12: 129.7 | H12: 138.7 | I12: 114.5 | J12: 137.5 | K12: 160.7 | L12: 124.5 | M12: 137.3 | N12: =SUM(E12:M12) -> 1219.5 | O12: 120.6 | P12: 126.1 | Q12: 115.7 | R12: 135.9 | S12: 128.1 | T12: 132.4 | V12: 2017 | W12: September | X12: =_xlfn.CONCAT(W12," ",V12) -> September 2017 | Y12: =($N12-$N11)/$N11 -> -0.017562233 | Z12: =($O12-$O11)/$O11 -> 0.014297729 | AA12: =($P12-$P11)/$P11 -> 0.0031821798 | AB12: =($Q12-$Q11)/$Q11 -> 0.0095986038 | AC12: =($R12-$R11)/$R11 -> 0.0014738394 | AD12: =($S12-$S11)/$S11 -> 0.0031323414 | AE12: =($T12-$T11)/$T11 -> -0.0022607385 | AG12: 2022-23 | AH12: =($N65-$N76)/$N65 -> -0.04674628 | AI12: =($O65-$O76)/$O65 -> -0.1112462 | AJ12: =(P$65-P$76)/P$65 -> -0.07491082 | AK12: =(Q$65-Q$76)/Q$65 -> -0.036316472 | AL12: =(R$65-R$76)/R$65 -> -0.060233559 | AM12: =(S$65-S$76)/S$65 -> -0.066834805 | AN12: =(T$65-T$76)/T$65 -> -0.058858859
B13: Urban | C13: 2017 | D13: October | E13: 133.9 | F13: 142.8 | G13: 131.4 | H13: 139.1 | I13: 114.9 | J13: 135.6 | K13: 173.2 | L13: 124.1 | M13: 137.8 | N13: =SUM(E13:M13) -> 1232.8 | O13: 122.6 | P13: 126.6 | Q13: 115 | R13: 136.3 | S13: 128.3 | T13: 133.5 | V13: 2017 | W13: October | X13: =_xlfn.CONCAT(W13," ",V13) -> October 2017 | Y13: =($N13-$N12)/$N12 -> 0.010906109 | Z13: =($O13-$O12)/$O12 -> 0.016583748 | AA13: =($P13-$P12)/$P12 -> 0.0039651071 | AB13: =($Q13-$Q12)/$Q12 -> -0.0060501296 | AC13: =($R13-$R12)/$R12 -> 0.0029433407 | AD13: =($S13-$S12)/$S12 -> 0.0015612802 | AE13: =($T13-$T12)/$T12 -> 0.0083081571
B14: Urban | C14: 2017 | D14: November | E14: 134.3 | F14: 142.1 | G14: 146.7 | H14: 139.5 | I14: 115.2 | J14: 136.4 | K14: 185.2 | L14: 122.2 | M14: 138.3 | N14: =SUM(E14:M14) -> 1259.9 | O14: 125.7 | P14: 127.4 | Q14: 115.3 | R14: 136.6 | S14: 128.8 | T14: 134.8 | V14: 2017 | W14: November | X14: =_xlfn.CONCAT(W14," ",V14) -> November 2017 | Y14: =($N14-$N13)/$N13 -> 0.021982479 | Z14: =($O14-$O13)/$O13 -> 0.025285481 | AA14: =($P14-$P13)/$P13 -> 0.0063191153 | AB14: =($Q14-$Q13)/$Q13 -> 0.0026086957 | AC14: =($R14-$R13)/$R13 -> 0.0022010271 | AD14: =($S14-$S13)/$S13 -> 0.0038971161 | AE14: =($T14-$T13)/$T13 -> 0.0097378277
B15: Urban | C15: 2017 | D15: December | E15: 134.4 | F15: 142.6 | G15: 145.9 | H15: 139.5 | I15: 115.9 | J15: 135 | K15: 163.2 | L15: 119.8 | M15: 139.7 | N15: =SUM(E15:M15) -> 1236 | O15: 126.8 | P15: 128.2 | Q15: 115.3 | R15: 136.7 | S15: 129.3 | T15: 134.1 | V15: 2017 | W15: December | X15: =_xlfn.CONCAT(W15," ",V15) -> December 2017 | Y15: =($N15-$N14)/$N14 -> -0.01896976 | Z15: =($O15-$O14)/$O14 -> 0.0087509944 | AA15: =($P15-$P14)/$P14 -> 0.0062794349 | AB15: =($Q15-$Q14)/$Q14 -> 0 | AC15: =($R15-$R14)/$R14 -> 0.00073206442 | AD15: =($S15-$S14)/$S14 -> 0.0038819876 | AE15: =($T15-$T14)/$T14 -> -0.0051928783
B16: Urban | C16: 2018 | D16: January | E16: 134.6 | F16: 143.7 | G16: 143.6 | H16: 139.6 | I16: 116.4 | J16: 133.8 | K16: 150.5 | L16: 118.4 | M16: 140.5 | N16: =SUM(E16:M16) -> 1221.1 | O16: 127.3 | P16: 129 | Q16: 116.3 | R16: 137.1 | S16: 129.5 | T16: 134.1 | V16: 2018 | W16: January | X16: =_xlfn.CONCAT(W16," ",V16) -> January 2018 | Y16: =($N16-$N15)/$N15 -> -0.012055016 | Z16: =($O16-$O15)/$O15 -> 0.0039432177 | AA16: =($P16-$P15)/$P15 -> 0.0062402496 | AB16: =($Q16-$Q15)/$Q15 -> 0.0086730269 | AC16: =($R16-$R15)/$R15 -> 0.0029261156 | AD16: =($S16-$S15)/$S15 -> 0.0015467904 | AE16: =($T16-$T15)/$T15 -> 0
B17: Urban | C17: 2018 | D17: February | E17: 134.8 | F17: 143 | G17: 139.9 | H17: 139.9 | I17: 116.2 | J17: 135.5 | K17: 136.9 | L17: 117 | M17: 140.7 | N17: =SUM(E17:M17) -> 1203.9 | O17: 127.3 | P17: 129.8 | Q17: 117.4 | R17: 137.2 | S17: 129.9 | T17: 134 | V17: 2018 | W17: February | X17: =_xlfn.CONCAT(W17," ",V17) -> February 2018 | Y17: =($N17-$N16)/$N16 -> -0.01408566 | Z17: =($O17-$O16)/$O16 -> 0 | AA17: =($P17-$P16)/$P16 -> 0.0062015504 | AB17: =($Q17-$Q16)/$Q16 -> 0.0094582975 | AC17: =($R17-$R16)/$R16 -> 0.0007293946 | AD17: =($S17-$S16)/$S16 -> 0.0030888031 | AE17: =($T17-$T16)/$T16 -> -0.00074571216
B18: Urban | C18: 2018 | D18: March | E18: 135 | F18: 143.1 | G18: 135.5 | H18: 139.9 | I18: 116.5 | J18: 138.5 | K18: 128 | L18: 115.5 | M18: 140.7 | N18: =SUM(E18:M18) -> 1192.7 | O18: 126.4 | P18: 130.5 | Q18: 117.8 | R18: 137.8 | S18: 130.8 | T18: 134 | V18: 2018 | W18: March | X18: =_xlfn.CONCAT(W18," ",V18) -> March 2018 | Y18: =($N18-$N17)/$N17 -> -0.0093030983 | Z18: =($O18-$O17)/$O17 -> -0.0070699136 | AA18: =($P18-$P17)/$P17 -> 0.0053929122 | AB18: =($Q18-$Q17)/$Q17 -> 0.003407155 | AC18: =($R18-$R17)/$R17 -> 0.0043731778 | AD18: =($S18-$S17)/$S17 -> 0.0069284065 | AE18: =($T18-$T17)/$T17 -> 0
B19: Urban | C19: 2018 | D19: April | E19: 135 | F19: 144.3 | G19: 130.8 | H19: 140.3 | I19: 116.6 | J19: 150.1 | K19: 127.6 | L19: 114 | M19: 140.2 | N19: =SUM(E19:M19) -> 1198.9 | O19: 124.6 | P19: 131.3 | Q19: 118.9 | R19: 139.7 | S19: 131.8 | T19: 134.8 | V19: 2018 | W19: April | X19: =_xlfn.CONCAT(W19," ",V19) -> April 2018 | Y19: =($N19-$N18)/$N18 -> 0.0051982896 | Z19: =($O19-$O18)/$O18 -> -0.014240506 | AA19: =($P19-$P18)/$P18 -> 0.0061302682 | AB19: =($Q19-$Q18)/$Q18 -> 0.0093378608 | AC19: =($R19-$R18)/$R18 -> 0.013788099 | AD19: =($S19-$S18)/$S18 -> 0.0076452599 | AE19: =($T19-$T18)/$T18 -> 0.0059701493
B20: Urban | C20: 2018 | D20: May | E20: 135 | F20: 148.2 | G20: 130.5 | H20: 140.7 | I20: 116.4 | J20: 151.3 | K20: 131.4 | L20: 112.8 | M20: 139.6 | N20: =SUM(E20:M20) -> 1205.9 | O20: 124.7 | P20: 132 | Q20: 119.8 | R20: 140.4 | S20: 132.5 | T20: 135.4 | V20: 2018 | W20: May | X20: =_xlfn.CONCAT(W20," ",V20) -> May 2018 | Y20: =($N20-$N19)/$N19 -> 0.0058386855 | Z20: =($O20-$O19)/$O19 -> 0.00080256822 | AA20: =($P20-$P19)/$P19 -> 0.0053313024 | AB20: =($Q20-$Q19)/$Q19 -> 0.007569386 | AC20: =($R20-$R19)/$R19 -> 0.0050107373 | AD20: =($S20-$S19)/$S19 -> 0.0053110774 | AE20: =($T20-$T19)/$T19 -> 0.0044510386
B21: Urban | C21: 2018 | D21: June | E21: 135.3 | F21: 149.7 | G21: 133.9 | H21: 140.8 | I21: 116.6 | J21: 152.2 | K21: 144 | L21: 112.3 | M21: 140 | N21: =SUM(E21:M21) -> 1224.8 | O21: 126.5 | P21: 132.6 | Q21: 120.4 | R21: 141.2 | S21: 133.1 | T21: 136.2 | V21: 2018 | W21: June | X21: =_xlfn.CONCAT(W21," ",V21) -> June 2018 | Y21: =($N21-$N20)/$N20 -> 0.015672941 | Z21: =($O21-$O20)/$O20 -> 0.014434643 | AA21: =($P21-$P20)/$P20 -> 0.0045454545 | AB21: =($Q21-$Q20)/$Q20 -> 0.0050083472 | AC21: =($R21-$R20)/$R20 -> 0.0056980057 | AD21: =($S21-$S20)/$S20 -> 0.0045283019 | AE21: =($T21-$T20)/$T20 -> 0.0059084195
B22: Urban | C22: 2018 | D22: July | E22: 135.6 | F22: 148.6 | G22: 139.1 | H22: 141 | I22: 116.7 | J22: 149.7 | K22: 159.2 | L22: 112.6 | M22: 140.3 | N22: =SUM(E22:M22) -> 1242.8 | O22: 128.1 | P22: 133.6 | Q22: 120.1 | R22: 144 | S22: 133.6 | T22: 137.5 | V22: 2018 | W22: July | X22: =_xlfn.CONCAT(W22," ",V22) -> July 2018 | Y22: =($N22-$N21)/$N21 -> 0.014696277 | Z22: =($O22-$O21)/$O21 -> 0.012648221 | AA22: =($P22-$P21)/$P21 -> 0.0075414781 | AB22: =($Q22-$Q21)/$Q21 -> -0.0024916944 | AC22: =($R22-$R21)/$R21 -> 0.019830028 | AD22: =($S22-$S21)/$S21 -> 0.003756574 | AE22: =($T22-$T21)/$T21 -> 0.0095447871
B23: Urban | C23: 2018 | D23: August | E23: 136.5 | F23: 146.4 | G23: 136.6 | H23: 141.2 | I23: 117.4 | J23: 146.3 | K23: 157.3 | L23: 113.6 | M23: 141.1 | N23: =SUM(E23:M23) -> 1236.4 | O23: 129.8 | P23: 134.9 | Q23: 120.7 | R23: 145.3 | S23: 134.4 | T23: 138 | V23: 2018 | W23: August | X23: =_xlfn.CONCAT(W23," ",V23) -> August 2018 | Y23: =($N23-$N22)/$N22 -> -0.0051496621 | Z23: =($O23-$O22)/$O22 -> 0.013270882 | AA23: =($P23-$P22)/$P22 -> 0.0097305389 | AB23: =($Q23-$Q22)/$Q22 -> 0.0049958368 | AC23: =($R23-$R22)/$R22 -> 0.0090277778 | AD23: =($S23-$S22)/$S22 -> 0.005988024 | AE23: =($T23-$T22)/$T22 -> 0.0036363636
B24: Urban | C24: 2018 | D24: September | E24: 137 | F24: 143.1 | G24: 132.8 | H24: 141.5 | I24: 117.8 | J24: 140 | K24: 151.3 | L24: 113.5 | M24: 141.2 | N24: =SUM(E24:M24) -> 1218.2 | O24: 131.2 | P24: 135.7 | Q24: 122.5 | R24: 145.2 | S24: 134.9 | T24: 138.1 | V24: 2018 | W24: September | X24: =_xlfn.CONCAT(W24," ",V24) -> September 2018 | Y24: =($N24-$N23)/$N23 -> -0.014720155 | Z24: =($O24-$O23)/$O23 -> 0.010785824 | AA24: =($P24-$P23)/$P23 -> 0.0059303188 | AB24: =($Q24-$Q23)/$Q23 -> 0.014913007 | AC24: =($R24-$R23)/$R23 -> -0.00068823125 | AD24: =($S24-$S23)/$S23 -> 0.0037202381 | AE24: =($T24-$T23)/$T23 -> 0.00072463768
... B79: Urban | C79: 2023 | D79: May | E79: 174.7 | F79: 219.4 | G79: 176.7 | H79: 179.4 | I79: 164.4 | J79: 175.8 | K79: 185 | L79: 176.9 | M79: 211.9 | N79: =SUM(E79:M79) -> 1664.2 | O79: 183.4 | P79: 182.2 | Q79: 160.4 | R79: 174.8 | S79: 170.1 | T79: 178.2 | V79: 2023 | W79: May | X79: =_xlfn.CONCAT(W79," ",V79) -> May 2023 | Y79: =($N79-$N78)/$N78 -> 0.0086060606 | Z79: =($O79-$O78)/$O78 -> 0.0071389347 | AA79: =($P79-$P78)/$P78 -> 0.0038567493 | AB79: =($Q79-$Q78)/$Q78 -> 0.0018738289 | AC79: =($R79-$R78)/$R78 -> 0.0034443169 | AD79: =($S79-$S78)/$S78 -> 0.0029481132 | AE79: =($T79-$T78)/$T78 -> 0.0045095829

Sheet Q4 Rural + Urban Covid Impact
B3: Covid Impact on Rural + Urban sector | V3: M-O-M Inflation Rate | AG3: Rural + Urban Y-O-Y Inflation Rate
B5: Sector | C5: Year | D5: Month | E5: Cereals and products | F5: Meat and fish | G5: Egg | H5: Milk and products | I5: Oils and fats | J5: Fruits | K5: Vegetables | L5: Pulses and products | M5: Spices | N5: Food Products Combined | O5: Fuel and light | P5: Health | Q5: Transport and communication | R5: Education | S5: Household goods and services | T5: General index | V5: Year | W5: Month | X5: Month and Year | Y5: Food Products Combined | Z5: Fuel and light | AA5: Health | AB5: Transport and communication | AC5: Education | AD5: Household goods and services | AE5: General index | AG5: Year | AH5: Food Products Combined | AI5: Fuel and light | AJ5: Health | AK5: Transport and communication | AL5: Education | AM5: Household goods and services | AN5: General index
B6: Rural+Urban | C6: 2017 | D6: March | E6: 133.3 | F6: 139 | G6: 128.6 | H6: 136.3 | I6: 118.8 | J6: 138.3 | K6: 120.5 | L6: 143.9 | M6: 137.9 | N6: =SUM(E6:M6) -> 1196.6 | O6: 129.1 | P6: 127.8 | Q6: 117.6 | R6: 133.8 | S6: 130.1 | T6: 130.9 | V6: 2017 | W6: March | X6: =_xlfn.CONCAT(W6," ",V6) -> March 2017 | AG6: 2017-18 | AH6: =($N6-$N17)/$N6 -> -0.025823166 | AI6: =($O6-$O17)/$O6 -> -0.058869094 | AJ6: =(P$6-P$17)/P$6 -> -0.046948357 | AK6: =(Q$6-Q$17)/Q$6 -> -0.022108844 | AL6: =(R$6-R$17)/R$6 -> -0.038863976 | AM6: =(S$6-S$17)/S$6 -> -0.039200615 | AN6: =(T$6-T$17)/T$6 -> -0.042016807
B7: Rural+Urban | C7: 2017 | D7: April | E7: 133 | F7: 139.4 | G7: 126.1 | H7: 137.2 | I7: 118.4 | J7: 139.9 | K7: 123.4 | L7: 140.9 | M7: 136.5 | N7: =SUM(E7:M7) -> 1194.8 | O7: 129.8 | P7: 128.1 | Q7: 116.6 | R7: 134.5 | S7: 130.4 | T7: 131.1 | V7: 2017 | W7: April | X7: =_xlfn.CONCAT(W7," ",V7) -> April 2017 | Y7: =($N7-$N6)/$N6 -> -0.0015042621 | Z7: =($O7-$O6)/$O6 -> 0.0054221534 | AA7: =($P7-$P6)/$P6 -> 0.0023474178 | AB7: =($Q7-$Q6)/$Q6 -> -0.0085034014 | AC7: =($R7-$R6)/$R6 -> 0.0052316891 | AD7: =($S7-$S6)/$S6 -> 0.0023059185 | AE7: =($T7-$T6)/$T6 -> 0.0015278839 | AG7: 2018-19 | AH7: =($N29-$N18)/$N18 -> -0.00089928058 | AI7: =($O29-$O18)/$O18 -> 0.013919414 | AJ7: =(P$29-P$18)/P$18 -> 0.084139985 | AK7: =(Q$29-Q$18)/Q$18 -> 0.023966942 | AL7: =(R$29-R$18)/R$18 -> 0.075107296 | AM7: =(S$29-S$18)/S$18 -> 0.059734513 | AN7: =(T$29-T$18)/T$18 -> 0.024908425
B8: Rural+Urban | C8: 2017 | D8: May | E8: 132.9 | F8: 141.6 | G8: 126.3 | H8: 137.7 | I8: 118.1 | J8: 137.9 | K8: 125.6 | L8: 138.3 | M8: 136 | N8: =SUM(E8:M8) -> 1194.4 | O8: 129.4 | P8: 128.4 | Q8: 116.7 | R8: 134.8 | S8: 130.9 | T8: 131.4 | V8: 2017 | W8: May | X8: =_xlfn.CONCAT(W8," ",V8) -> May 2017 | Y8: =($N8-$N7)/$N7 -> -0.00033478406 | Z8: =($O8-$O7)/$O7 -> -0.0030816641 | AA8: =($P8-$P7)/$P7 -> 0.0023419204 | AB8: =($Q8-$Q7)/$Q7 -> 0.00085763293 | AC8: =($R8-$R7)/$R7 -> 0.0022304833 | AD8: =($S8-$S7)/$S7 -> 0.0038343558 | AE8: =($T8-$T7)/$T7 -> 0.0022883295 | AG8: 2019-20 | AH8: =($N40-$N30)/$N30 -> 0.10188279 | AI8: =($O40-$O30)/$O30 -> 0.053686471 | AJ8: =(P$40-P$30)/P$30 -> 0.037619699 | AK8: =(Q$40-Q$30)/Q$30 -> 0.045746388 | AL8: =(R$40-R$30)/R$30 -> 0.039254824 | AM8: =(S$40-S$30)/S$30 -> 0.018080668 | AN8: =(T$40-T$30)/T$30 -> 0.061965812
B9: Rural+Urban | C9: 2017 | D9: June | E9: 133.3 | F9: 145.5 | G9: 128.1 | H9: 138.1 | I9: 118.2 | J9: 139.2 | K9: 133.3 | L9: 136.2 | M9: 135.3 | N9: =SUM(E9:M9) -> 1207.2 | O9: 128.8 | P9: 128.5 | Q9: 116.5 | R9: 135.4 | S9: 131.2 | T9: 132 | V9: 2017 | W9: June | X9: =_xlfn.CONCAT(W9," ",V9) -> June 2017 | Y9: =($N9-$N8)/$N8 -> 0.010716678 | Z9: =($O9-$O8)/$O8 -> -0.0046367852 | AA9: =($P9-$P8)/$P8 -> 0.0007788162 | AB9: =($Q9-$Q8)/$Q8 -> -0.0017137961 | AC9: =($R9-$R8)/$R8 -> 0.0044510386 | AD9: =($S9-$S8)/$S8 -> 0.0022918258 | AE9: =($T9-$T8)/$T8 -> 0.00456621
B10: Rural+Urban | C10: 2017 | D10: July | E10: 133.6 | F10: 145.7 | G10: 129.6 | H10: 138.5 | I10: 118.1 | J10: 141.8 | K10: 159.5 | L10: 133.6 | M10: 135.2 | N10: =SUM(E10:M10) -> 1235.6 | O10: 129.4 | P10: 129.4 | Q10: 116 | R10: 136.8 | S10: 131.9 | T10: 134.2 | V10: 2017 | W10: July | X10: =_xlfn.CONCAT(W10," ",V10) -> July 2017 | Y10: =($N10-$N9)/$N9 -> 0.023525514 | Z10: =($O10-$O9)/$O9 -> 0.0046583851 | AA10: =($P10-$P9)/$P9 -> 0.0070038911 | AB10: =($Q10-$Q9)/$Q9 -> -0.0042918455 | AC10: =($R10-$R9)/$R9 -> 0.010339734 | AD10: =($S10-$S9)/$S9 -> 0.0053353659 | AE10: =($T10-$T9)/$T9 -> 0.016666667 | AG10: 2020-21 | AH10: =($N52-$N41)/$N41 -> 0.08197457 | AI10: =($O52-$O41)/$O41 -> 0.023505709 | AJ10: =(P$52-P$41)/P$41 -> 0.059093894 | AK10: =(Q$52-Q$41)/Q$41 -> 0.11701309 | AL10: =(R$52-R$41)/R$41 -> 0.02178091 | AM10: =(S$52-S$41)/S$41 -> 0.030737705 | AN10: =(T$52-T$41)/T$41 -> 0.053835801
B11: Rural+Urban | C11: 2017 | D11: August | E11: 134.3 | F11: 143.4 | G11: 129.3 | H11: 139 | I11: 118.1 | J11: 145.5 | K11: 168.6 | L11: 132.7 | M11: 135.6 | N11: =SUM(E11:M11) -> 1246.5 | O11: 129.8 | P11: 130.2 | Q11: 117.3 | R11: 137.6 | S11: 132.8 | T11: 135.4 | V11: 2017 | W11: August | X11: =_xlfn.CONCAT(W11," ",V11) -> August 2017 | Y11: =($N11-$N10)/$N10 -> 0.0088216251 | Z11: =($O11-$O10)/$O10 -> 0.0030911901 | AA11: =($P11-$P10)/$P10 -> 0.0061823802 | AB11: =($Q11-$Q10)/$Q10 -> 0.011206897 | AC11: =($R11-$R10)/$R10 -> 0.0058479532 | AD11: =($S11-$S10)/$S10 -> 0.006823351 | AE11: =($T11-$T10)/$T10 -> 0.0089418778 | AG11: 2021-22 | AH11: =($N64-$N53)/$N53 -> 0.060882801 | AI11: =($O64-$O53)/$O53 -> 0.065594855 | AJ11: =(P$64-P$53)/P$53 -> 0.064935065 | AK11: =(Q$64-Q$53)/Q$53 -> 0.073187415 | AL11: =(R$64-R$53)/R$53 -> 0.032459426 | AM11: =(S$64-S$53)/S$53 -> 0.07010582 | AN11: =(T$64-T$53)/T$53 -> 0.059311224
B12: Rural+Urban | C12: 2017 | D12: September | E12: 134.7 | F12: 142.4 | G12: 130.2 | H12: 139.6 | I12: 118.4 | J12: 143 | K12: 156.6 | L12: 132.9 | M12: 135.6 | N12: =SUM(E12:M12) -> 1233.4 | O12: 131 | P12: 130.6 | Q12: 118.3 | R12: 137.4 | S12: 133.3 | T12: 135.2 | V12: 2017 | W12: September | X12: =_xlfn.CONCAT(W12," ",V12) -> September 2017 | Y12: =($N12-$N11)/$N11 -> -0.010509426 | Z12: =($O12-$O11)/$O11 -> 0.0092449923 | AA12: =($P12-$P11)/$P11 -> 0.0030721966 | AB12: =($Q12-$Q11)/$Q11 -> 0.0085251492 | AC12: =($R12-$R11)/$R11 -> -0.0014534884 | AD12: =($S12-$S11)/$S11 -> 0.0037650602 | AE12: =($T12-$T11)/$T11 -> -0.0014771049 | AG12: 2022-23 | AH12: =($N65-$N76)/$N65 -> -0.041484154 | AI12: =($O65-$O76)/$O65 -> -0.089114833 | AJ12: =(P$65-P$76)/P$65 -> -0.065895954 | AK12: =(Q$65-Q$76)/Q$65 -> -0.03989867 | AL12: =(R$65-R$76)/R$65 -> -0.054216867 | AM12: =(S$65-S$76)/S$65 -> -0.07002457 | AN12: =(T$65-T$76)/T$65 -> -0.056648778
B13: Rural+Urban | C13: 2017 | D13: October | E13: 135.3 | F13: 142.2 | G13: 131.2 | H13: 140.6 | I13: 119 | J13: 141.5 | K13: 162.6 | L13: 132.3 | M13: 136.3 | N13: =SUM(E13:M13) -> 1241 | O13: 132.2 | P13: 131.3 | Q13: 117.8 | R13: 137.9 | S13: 133.6 | T13: 136.1 | V13: 2017 | W13: October | X13: =_xlfn.CONCAT(W13," ",V13) -> October 2017 | Y13: =($N13-$N12)/$N12 -> 0.0061618291 | Z13: =($O13-$O12)/$O12 -> 0.0091603053 | AA13: =($P13-$P12)/$P12 -> 0.0053598775 | AB13: =($Q13-$Q12)/$Q12 -> -0.0042265427 | AC13: =($R13-$R12)/$R12 -> 0.0036390102 | AD13: =($S13-$S12)/$S12 -> 0.0022505626 | AE13: =($T13-$T12)/$T12 -> 0.0066568047
B14: Rural+Urban | C14: 2017 | D14: November | E14: 135.7 | F14: 142.4 | G14: 142.9 | H14: 140.8 | I14: 119.2 | J14: 142.2 | K14: 173.8 | L14: 131.2 | M14: 136.8 | N14: =SUM(E14:M14) -> 1265 | O14: 135.3 | P14: 132.6 | Q14: 118.3 | R14: 138.6 | S14: 134.4 | T14: 137.6 | V14: 2017 | W14: November | X14: =_xlfn.CONCAT(W14," ",V14) -> November 2017 | Y14: =($N14-$N13)/$N13 -> 0.019339243 | Z14: =($O14-$O13)/$O13 -> 0.023449319 | AA14: =($P14-$P13)/$P13 -> 0.0099009901 | AB14: =($Q14-$Q13)/$Q13 -> 0.0042444822 | AC14: =($R14-$R13)/$R13 -> 0.0050761421 | AD14: =($S14-$S13)/$S13 -> 0.005988024 | AE14: =($T14-$T13)/$T13 -> 0.011021308
B15: Rural+Urban | C15: 2017 | D15: December | E15: 135.8 | F15: 143.3 | G15: 145.2 | H15: 141 | I15: 120.5 | J15: 141.5 | K15: 161.7 | L15: 129.1 | M15: 137.1 | N15: =SUM(E15:M15) -> 1255.2 | O15: 136.6 | P15: 133.1 | Q15: 118.5 | R15: 138.5 | S15: 134.7 | T15: 137.2 | V15: 2017 | W15: December | X15: =_xlfn.CONCAT(W15," ",V15) -> December 2017 | Y15: =($N15-$N14)/$N14 -> -0.0077470356 | Z15: =($O15-$O14)/$O14 -> 0.0096082779 | AA15: =($P15-$P14)/$P14 -> 0.0037707391 | AB15: =($Q15-$Q14)/$Q14 -> 0.0016906171 | AC15: =($R15-$R14)/$R14 -> -0.00072150072 | AD15: =($S15-$S14)/$S14 -> 0.0022321429 | AE15: =($T15-$T14)/$T14 -> -0.0029069767
B16: Rural+Urban | C16: 2018 | D16: January | E16: 136 | F16: 144.2 | G16: 143.7 | H16: 141.1 | I16: 120.7 | J16: 141.3 | K16: 151.6 | L16: 127.3 | M16: 137.5 | N16: =SUM(E16:M16) -> 1243.4 | O16: 136.6 | P16: 133.3 | Q16: 119.3 | R16: 139 | S16: 134.9 | T16: 136.9 | V16: 2018 | W16: January | X16: =_xlfn.CONCAT(W16," ",V16) -> January 2018 | Y16: =($N16-$N15)/$N15 -> -0.0094008923 | Z16: =($O16-$O15)/$O15 -> 0 | AA16: =($P16-$P15)/$P15 -> 0.0015026296 | AB16: =($Q16-$Q15)/$Q15 -> 0.0067510549 | AC16: =($R16-$R15)/$R15 -> 0.0036101083 | AD16: =($S16-$S15)/$S15 -> 0.001484781 | AE16: =($T16-$T15)/$T15 -> -0.0021865889
B17: Rural+Urban | C17: 2018 | D17: February | E17: 135.9 | F17: 143.5 | G17: 140.3 | H17: 140.9 | I17: 120.4 | J17: 142.9 | K17: 140.5 | L17: 125.8 | M17: 137.3 | N17: =SUM(E17:M17) -> 1227.5 | O17: 136.7 | P17: 133.8 | Q17: 120.2 | R17: 139 | S17: 135.2 | T17: 136.4 | V17: 2018 | W17: February | X17: =_xlfn.CONCAT(W17," ",V17) -> February 2018 | Y17: =($N17-$N16)/$N16 -> -0.012787518 | Z17: =($O17-$O16)/$O16 -> 0.00073206442 | AA17: =($P17-$P16)/$P16 -> 0.0037509377 | AB17: =($Q17-$Q16)/$Q16 -> 0.0075440067 | AC17: =($R17-$R16)/$R16 -> 0 | AD17: =($S17-$S16)/$S16 -> 0.0022238695 | AE17: =($T17-$T16)/$T16 -> -0.0036523009
B18: Rural+Urban | C18: 2018 | D18: March | E18: 136.2 | F18: 143.6 | G18: 138.3 | H18: 141.2 | I18: 120.7 | J18: 146.2 | K18: 134.6 | L18: 124.6 | M18: 137.8 | N18: =SUM(E18:M18) -> 1223.2 | O18: 136.5 | P18: 134.3 | Q18: 121 | R18: 139.8 | S18: 135.6 | T18: 136.5 | V18: 2018 | W18: March | X18: =_xlfn.CONCAT(W18," ",V18) -> March 2018 | Y18: =($N18-$N17)/$N17 -> -0.003503055 | Z18: =($O18-$O17)/$O17 -> -0.0014630578 | AA18: =($P18-$P17)/$P17 -> 0.0037369208 | AB18: =($Q18-$Q17)/$Q17 -> 0.006655574 | AC18: =($R18-$R17)/$R17 -> 0.0057553957 | AD18: =($S18-$S17)/$S17 -> 0.0029585799 | AE18: =($T18-$T17)/$T17 -> 0.00073313783
B19: Rural+Urban | C19: 2018 | D19: April | E19: 136.4 | F19: 144.4 | G19: 133.9 | H19: 141.6 | I19: 121 | J19: 153.5 | K19: 132.6 | L19: 123.5 | M19: 138.2 | N19: =SUM(E19:M19) -> 1225.1 | O19: 136.5 | P19: 135.2 | Q19: 121.9 | R19: 141.4 | S19: 136.6 | T19: 137.1 | V19: 2018 | W19: April | X19: =_xlfn.CONCAT(W19," ",V19) -> April 2018 | Y19: =($N19-$N18)/$N18 -> 0.0015533028 | Z19: =($O19-$O18)/$O18 -> 0 | AA19: =($P19-$P18)/$P18 -> 0.0067014147 | AB19: =($Q19-$Q18)/$Q18 -> 0.0074380165 | AC19: =($R19-$R18)/$R18 -> 0.011444921 | AD19: =($S19-$S18)/$S18 -> 0.0073746313 | AE19: =($T19-$T18)/$T18 -> 0.0043956044
B20: Rural+Urban | C20: 2018 | D20: May | E20: 136.6 | F20: 146.6 | G20: 133.6 | H20: 142.1 | I20: 121 | J20: 154.6 | K20: 135.6 | L20: 122.3 | M20: 138.1 | N20: =SUM(E20:M20) -> 1230.5 | O20: 136.9 | P20: 136 | Q20: 122.9 | R20: 142.1 | S20: 137.4 | T20: 137.8 | V20: 2018 | W20: May | X20: =_xlfn.CONCAT(W20," ",V20) -> May 2018 | Y20: =($N20-$N19)/$N19 -> 0.0044078034 | Z20: =($O20-$O19)/$O19 -> 0.0029304029 | AA20: =($P20-$P19)/$P19 -> 0.0059171598 | AB20: =($Q20-$Q19)/$Q19 -> 0.0082034454 | AC20: =($R20-$R19)/$R19 -> 0.004950495 | AD20: =($S20-$S19)/$S19 -> 0.0058565154 | AE20: =($T20-$T19)/$T19 -> 0.0051057622
B21: Rural+Urban | C21: 2018 | D21: June | E21: 136.9 | F21: 148.7 | G21: 135.6 | H21: 142.3 | I21: 121.3 | J21: 153.2 | K21: 143.7 | L21: 121.4 | M21: 138.4 | N21: =SUM(E21:M21) -> 1241.5 | O21: 138.1 | P21: 136.2 | Q21: 123.7 | R21: 142.8 | S21: 137.9 | T21: 138.5 | V21: 2018 | W21: June | X21: =_xlfn.CONCAT(W21," ",V21) -> June 2018 | Y21: =($N21-$N20)/$N20 -> 0.0089394555 | Z21: =($O21-$O20)/$O20 -> 0.0087655223 | AA21: =($P21-$P20)/$P20 -> 0.0014705882 | AB21: =($Q21-$Q20)/$Q20 -> 0.0065093572 | AC21: =($R21-$R20)/$R20 -> 0.0049261084 | AD21: =($S21-$S20)/$S20 -> 0.0036390102 | AE21: =($T21-$T20)/$T20 -> 0.0050798258
B22: Rural+Urban | C22: 2018 | D22: July | E22: 137.5 | F22: 149.1 | G22: 139.2 | H22: 142.5 | I22: 121.4 | J22: 151.6 | K22: 155.9 | L22: 121.7 | M22: 138.9 | N22: =SUM(E22:M22) -> 1257.8 | O22: 139.7 | P22: 137 | Q22: 123.6 | R22: 144.7 | S22: 138.6 | T22: 139.8 | V22: 2018 | W22: July | X22: =_xlfn.CONCAT(W22," ",V22) -> July 2018 | Y22: =($N22-$N21)/$N21 -> 0.013129279 | Z22: =($O22-$O21)/$O21 -> 0.011585807 | AA22: =($P22-$P21)/$P21 -> 0.0058737151 | AB22: =($Q22-$Q21)/$Q21 -> -0.00080840744 | AC22: =($R22-$R21)/$R21 -> 0.013305322 | AD22: =($S22-$S21)/$S21 -> 0.0050761421 | AE22: =($T22-$T21)/$T21 -> 0.0093862816
B23: Rural+Urban | C23: 2018 | D23: August | E23: 138.3 | F23: 148 | G23: 138.1 | H23: 142.6 | I23: 122.2 | J23: 150.6 | K23: 156.6 | L23: 122.4 | M23: 139.4 | N23: =SUM(E23:M23) -> 1258.2 | O23: 140.9 | P23: 137.7 | Q23: 124.3 | R23: 146 | S23: 139.4 | T23: 140.4 | V23: 2018 | W23: August | X23: =_xlfn.CONCAT(W23," ",V23) -> August 2018 | Y23: =($N23-$N22)/$N22 -> 0.00031801558 | Z23: =($O23-$O22)/$O22 -> 0.0085898354 | AA23: =($P23-$P22)/$P22 -> 0.0051094891 | AB23: =($Q23-$Q22)/$Q22 -> 0.0056634304 | AC23: =($R23-$R22)/$R22 -> 0.008984105 | AD23: =($S23-$S22)/$S22 -> 0.0057720058 | AE23: =($T23-$T22)/$T22 -> 0.0042918455
B24: Rural+Urban | C24: 2018 | D24: September | E24: 138.6 | F24: 145.8 | G24: 135.1 | H24: 142.9 | I24: 122.1 | J24: 145.4 | K24: 150 | L24: 121.4 | M24: 139.5 | N24: =SUM(E24:M24) -> 1240.8 | O24: 142.3 | P24: 138.4 | Q24: 126 | R24: 146.2 | S24: 139.7 | T24: 140.2 | V24: 2018 | W24: September | X24: =_xlfn.CONCAT(W24," ",V24) -> September 2018 | Y24: =($N24-$N23)/$N23 -> -0.01382928 | Z24: =($O24-$O23)/$O23 -> 0.0099361249 | AA24: =($P24-$P23)/$P23 -> 0.0050835149 | AB24: =($Q24-$Q23)/$Q23 -> 0.013676589 | AC24: =($R24-$R23)/$R23 -> 0.001369863 | AD24: =($S24-$S23)/$S23 -> 0.0021520803 | AE24: =($T24-$T23)/$T23 -> -0.0014245014
... B79: Rural+Urban | C79: 2023 | D79: May | E79: 173.7 | F79: 214.3 | G79: 173.2 | H79: 179.5 | I79: 170 | J79: 172.2 | K79: 161 | L79: 175.6 | M79: 218 | N79: =SUM(E79:M79) -> 1637.5 | O79: 182.8 | P79: 185.7 | Q79: 164.8 | R79: 177.1 | S79: 175.2 | T79: 179.1 | V79: 2023 | W79: May | X79: =_xlfn.CONCAT(W79," ",V79) -> May 2023 | Y79: =($N79-$N78)/$N78 -> 0.0083128079 | Z79: =($O79-$O78)/$O78 -> 0.0060539351 | AA79: =($P79-$P78)/$P78 -> 0.0037837838 | AB79: =($Q79-$Q78)/$Q78 -> 0.0018237082 | AC79: =($R79-$R78)/$R78 -> 0.003968254 | AD79: =($S79-$S78)/$S78 -> 0.0034364261 | AE79: =($T79-$T78)/$T78 -> 0.0056148231

Sheet Crude Oil Data 2021-22
B4: ('Million US$) | R4: ('000 Metric Tonnes)
B5: Import/Export of Crude oil and Petroleum Products | R5: Import/Export of Crude oil and Petroleum Products
B6: IMPORT/EXPORT | C6: APRIL | D6: MAY | E6: JUNE | F6: JULY | G6: AUGUST | H6: SEPTEMBER | I6: OCTOBER | J6: NOVEMBER | K6: DECEMBER | L6: JANUARY | M6: FEBRUARY | N6: MARCH | O6: TOTAL | R6: IMPORT/EXPORT | S6: APRIL | T6: MAY | U6: JUNE | V6: JULY | W6: AUGUST | X6: SEPTEMBER | Y6: OCTOBER | Z6: NOVEMBER | AA6: DECEMBER | AB6: JANUARY | AC6: FEBRUARY | AD6: MARCH | AE6: TOTAL
B7: IMPORT^ | R7: IMPORT^
B8: CRUDE OIL | C8: 8555.1243 | D8: 8262.4591 | E8: 8288.6639 | F8: 7975.5577 | G8: 9075.0363 | H8: 9340.0907 | I8: 9636.9098 | J8: 10588.501 | K8: 10887.089 | L8: 11573.414 | M8: 11618.667 | N8: 14873.64 | O8: =SUM(C8:N8) -> 120675.15 | R8: CRUDE OIL | S8: 18256.492 | T8: 17259.238 | U8: 15904.741 | V8: 15021.215 | W8: 17386.687 | X8: 17607.535 | Y8: 17084.175 | Z8: 18340.382 | AA8: 19648.116 | AB8: 19253.803 | AC8: 17588.537 | AD8: 19030.702 | AE8: =SUM(S8:AD8) -> 212381.62
B9: PRODUCTS | R9: PRODUCTS
B10: LPG | C10: 585.46285 | D10: 534.42042 | E10: 752.20361 | F10: 870.1725 | G10: 1119.066 | H10: 1042.4759 | I10: 1301.8809 | J10: 1366.9725 | K10: 1313.9373 | L10: 1036.3754 | M10: 986.57639 | N10: 1325.6647 | O10: =SUM(C10:N10) -> 12235.208 | R10: LPG | S10: 1043.1982 | T10: 1045.5622 | U10: 1389.0896 | V10: 1402.6432 | W10: 1695.1696 | X10: 1562.9889 | Y10: 1599.1625 | Z10: 1581.0866 | AA10: 1650.1094 | AB10: 1387.6884 | AC10: 1248.9255 | AD10: 1437.7295 | AE10: =SUM(S10:AD10) -> 17043.354
B11: MS | C11: 47.231403 | D11: 0 | E11: 0 | F11: 0.0198 | G11: 0 | H11: 79.510087 | I11: 366.1417 | J11: 26.440021 | K11: 0.0182 | L11: 0 | M11: 0.01 | N11: 0 | O11: =SUM(C11:N11) -> 519.37121 | R11: MS | S11: 73.895883 | T11: 0 | U11: 0 | V11: 0.00382 | W11: 0 | X11: 153.30027 | Y11: 412.17921 | Z11: 31.499068 | AA11: 0.003364 | AB11: 0 | AC11: 0.000951 | AD11: 0 | AE11: =SUM(S11:AD11) -> 670.88257
B12: Naphtha | C12: 22.749425 | D12: 24.5498 | E12: 25.110575 | F12: 0 | G12: 0 | H12: 0 | I12: 0 | J12: 16.295 | K12: 0 | L12: 0 | M12: 0 | N12: 110.6856 | O12: =SUM(C12:N12) -> 199.3904 | R12: Naphtha | S12: 39.125271 | T12: 34.568548 | U12: 37.095032 | V12: 0 | W12: 0 | X12: 0 | Y12: 0 | Z12: 16.522962 | AA12: 0 | AB12: 0 | AC12: 0 | AD12: 109.62537 | AE12: =SUM(S12:AD12) -> 236.93719
B13: ATF | C13: 0 | D13: 0 | E13: 0 | F13: 0 | G13: 0 | H13: 0 | I13: 0 | J13: 0 | K13: 0 | L13: 0 | M13: 0 | N13: 0 | O13: =SUM(C13:N13) -> 0 | R13: ATF | S13: 0 | T13: 0 | U13: 0 | V13: 0 | W13: 0 | X13: 0 | Y13: 0 | Z13: 0 | AA13: 0 | AB13: 0 | AC13: 0 | AD13: 0 | AE13: =SUM(S13:AD13) -> 0
B14: SKO | C14: 0 | D14: 0 | E14: 0 | F14: 0 | G14: 0 | H14: 0 | I14: 0 | J14: 0 | K14: 0 | L14: 0 | M14: 0 | N14: 0 | O14: =SUM(C14:N14) -> 0 | R14: SKO | S14: 0 | T14: 0 | U14: 0 | V14: 0 | W14: 0 | X14: 0 | Y14: 0 | Z14: 0 | AA14: 0 | AB14: 0 | AC14: 0 | AD14: 0 | AE14: =SUM(S14:AD14) -> 0
B15: HSD | C15: 1.4578 | D15: 2.6672 | E15: 0.8967 | F15: 0.6525 | G15: 2.7973 | H15: 2.9341 | I15: 1.4578 | J15: 4.8047 | K15: 4.0993 | L15: 2.3471 | M15: 4.7429 | N15: 5.0016 | O15: =SUM(C15:N15) -> 33.859 | R15: HSD | S15: 2.698732 | T15: 3.662427 | U15: 1.302298 | V15: 0.969495 | W15: 4.103533 | X15: 5.661183 | Y15: 2.237447 | Z15: 5.79084 | AA15: 3.766957 | AB15: 2.883554 | AC15: 5.292509 | AD15: 5.064385 | AE15: =SUM(S15:AD15) -> 43.43336
B16: LOBS/ Lube oil | C16: 250.62852 | D16: 227.27697 | E16: 181.1627 | F16: 183.63098 | G16: 213.63388 | H16: 211.96297 | I16: 291.10339 | J16: 193.51004 | K16: 282.64552 | L16: 141.5705 | M16: 194.5264 | N16: 270.331 | O16: =SUM(C16:N16) -> 2641.9829 | R16: LOBS/ Lube oil | S16: 289.03063 | T16: 252.17208 | U16: 208.31149 | V16: 208.18215 | W16: 247.20006 | X16: 246.88915 | Y16: 329.53018 | Z16: 231.91002 | AA16: 333.91217 | AB16: 164.15456 | AC16: 230.53268 | AD16: 316.51672 | AE16: =SUM(S16:AD16) -> 3058.3419
B17: Fuel Oil | C17: 308.45353 | D17: 238.21461 | E17: 241.04344 | F17: 422.70235 | G17: 304.92125 | H17: 188.85617 | I17: 372.06445 | J17: 278.2938 | K17: 404.62278 | L17: 395.21263 | M17: 504.83354 | N17: 719.86605 | O17: =SUM(C17:N17) -> 4379.0846 | R17: Fuel Oil | S17: 774.47343 | T17: 584.7511 | U17: 554.44054 | V17: 944.70113 | W17: 697.35921 | X17: 424.71403 | Y17: 731.10645 | Z17: 564.26351 | AA17: 882.9817 | AB17: 817.63115 | AC17: 947.80375 | AD17: 1056.2382 | AE17: =SUM(S17:AD17) -> 8980.4642
B18: Bitumen | C18: 113.42623 | D18: 92.8553 | E18: 73.0879 | F18: 54.6031 | G18: 40.9514 | H18: 55.1124 | I18: 70.0224 | J18: 85.318 | K18: 111.2698 | L18: 99.2609 | M18: 99.1993 | N18: 133.456 | O18: =SUM(C18:N18) -> 1028.5627 | R18: Bitumen | S18: 301.67703 | T18: 258.42517 | U18: 197.71463 | V18: 155.43947 | W18: 111.52384 | X18: 153.12254 | Y18: 196.1706 | Z18: 191.19646 | AA18: 291.14119 | AB18: 238.47263 | AC18: 219.43149 | AD18: 266.21151 | AE18: =SUM(S18:AD18) -> 2580.5266
B19: Petcoke | C19: 8.3744 | D19: 47.425 | E19: 47.8793 | F19: 83.0024 | G19: 40.4359 | H19: 49.0289 | I19: 79.539 | J19: 96.2983 | K19: 235.6213 | L19: 198.6587 | M19: 115.4639 | N19: 95.4738 | O19: =SUM(C19:N19) -> 1097.2009 | R19: Petcoke | S19: 27.76 | T19: 283.35595 | U19: 255.0217 | V19: 226.96276 | W19: 78.0012 | X19: 211.25117 | Y19: 315.18925 | Z19: 300.11633 | AA19: 974.59952 | AB19: 707.26729 | AC19: 456.15539 | AD19: 377.68355 | AE19: =SUM(S19:AD19) -> 4213.3641
B20: Others& | C20: 130.98583 | D20: 93.0063 | E20: 112.34138 | F20: 176.26165 | G20: 127.59417 | H20: 256.29261 | I20: 105.85933 | J20: 79.38139 | K20: 125.6477 | L20: 149.95098 | M20: 75.762858 | N20: 87.838827 | O20: =SUM(C20:N20) -> 1520.923 | R20: Others& | S20: 201.97406 | T20: 124.40746 | U20: 151.94295 | V20: 286.68187 | W20: 208.80986 | X20: 419.6544 | Y20: 133.87881 | Z20: 95.284336 | AA20: 176.32144 | AB20: 200.42136 | AC20: 89.766698 | AD20: 100.23471 | AE20: =SUM(S20:AD20) -> 2189.378
B21: PRODUCT IMPORT* | C21: =SUM(C10:C20) -> 1468.77 | D21: =SUM(D10:D20) -> 1260.4156 | E21: =SUM(E10:E20) -> 1433.7256 | F21: =SUM(F10:F20) -> 1791.0453 | G21: =SUM(G10:G20) -> 1849.3999 | H21: =SUM(H10:H20) -> 1886.1731 | I21: =SUM(I10:I20) -> 2588.069 | J21: =SUM(J10:J20) -> 2147.3138 | ... O21: =SUM(O10:O20) -> 23655.583 | R21: PRODUCT IMPORT* | S21: =SUM(S10:S20) -> 2753.8332 | T21: =SUM(T10:T20) -> 2586.905 | U21: =SUM(U10:U20) -> 2794.9182 | V21: =SUM(V10:V20) -> 3225.5839 | W21: =SUM(W10:W20) -> 3042.1673 | X21: =SUM(X10:X20) -> 3177.5817 | Y21: =SUM(Y10:Y20) -> 3719.4545 | Z21: =SUM(Z10:Z20) -> 3017.6701 | ... AE21: =SUM(AE10:AE20) -> 39016.681
B22: TOTAL IMPORT | C22: =+C21+C8 -> 10023.894 | D22: =+D21+D8 -> 9522.8747 | E22: =+E21+E8 -> 9722.3895 | F22: =+F21+F8 -> 9766.603 | G22: =+G21+G8 -> 10924.436 | H22: =+H21+H8 -> 11226.264 | I22: =+I8+I21 -> 12224.979 | J22: =+J8+J21 -> 12735.815 | K22: =+K8+K21 -> 13364.951 | L22: =+L8+L21 -> 13596.79 | M22: =+M8+M21 -> 13599.782 | N22: =+N8+N21 -> 17621.958 | O22: =+O8+O21 -> 144330.74 | R22: TOTAL IMPORT | S22: =+S21+S8 -> 21010.325 | T22: =+T21+T8 -> 19846.143 | U22: =+U21+U8 -> 18699.659 | V22: =+V21+V8 -> 18246.799 | W22: =+W21+W8 -> 20428.854 | X22: =+X21+X8 -> 20785.116 | Y22: =+Y8+Y21 -> 20803.629 | Z22: =+Z8+Z21 -> 21358.052 | AA22: =+AA8+AA21 -> 23960.952 | AB22: =+AB8+AB21 -> 22772.322 | AC22: =+AC8+AC21 -> 20786.446 | AD22: =+AD8+AD21 -> 22700.006 | AE22: =+AE8+AE21 -> 251398.3
B23: PRODUCT EXPORT @ | R23: PRODUCT EXPORT @
B24: LPG | C24: 31.36976 | D24: 34.025077 | E24: 23.273816 | F24: 21.951974 | G24: 33.03253 | H24: 35.910805 | I24: 35.173919 | J24: 43.352094 | K24: 50.08529 | L24: 46.665272 | M24: 40.359464 | N24: 34.934266 | O24: =SUM(C24:N24) -> 430.13427 | R24: LPG | S24: 42.142877 | T24: 46.265395 | U24: 35.925488 | V24: 31.457395 | W24: 42.691434 | X24: 44.54222 | Y24: 43.81875 | Z24: 45.64889 | AA24: 49.80388 | AB24: 48.91116 | AC24: 44.72876 | AD24: 36.91987 | AE24: =SUM(S24:AD24) -> 512.85612
B25: MS! | C25: 590.56355 | D25: 889.38229 | E25: 796.46658 | F25: 736.00283 | G25: 634.41227 | H25: 629.91609 | I25: 837.63566 | J25: 829.57402 | K25: 1059.4892 | L25: 945.43756 | M25: 1156.7953 | N25: 1773.3529 | O25: =SUM(C25:N25) -> 10879.028 | R25: MS! | S25: 933.65535 | T25: 1333.9149 | U25: 1145.8826 | V25: 1002.1495 | W25: 902.64915 | X25: 850.82738 | Y25: 1005.3886 | Z25: 1034.769 | AA25: 1374.1646 | AB25: 1082.2732 | AC25: 1217.2529 | AD25: 1599.557 | AE25: =SUM(S25:AD25) -> 13482.484
B26: Naphtha$ | C26: 260.81948 | D26: 299.07121 | E26: 388.28676 | F26: 322.99026 | G26: 415.32609 | H26: 442.23012 | I26: 404.62139 | J26: 456.36268 | K26: 459.47868 | L26: 386.23965 | M26: 370.63763 | N26: 777.8298 | O26: =SUM(C26:N26) -> 4983.8938 | R26: Naphtha$ | S26: 457.54319 | T26: 499.36016 | U26: 607.69647 | V26: 477.06042 | W26: 634.7845 | X26: 655.59836 | Y26: 551.06214 | Z26: 595.36749 | AA26: 642.20263 | AB26: 511.07752 | AC26: 438.12621 | AD26: 791.24055 | AE26: =SUM(S26:AD26) -> 6861.1196
B27: ATF# | C27: 140.64306 | D27: 232.41715 | E27: 290.83752 | F27: 204.18299 | G27: 187.64143 | H27: 182.90237 | I27: 325.36141 | J27: 389.43515 | K27: 376.85217 | L27: 338.27215 | M27: 350.02464 | N27: 642.12585 | O27: =SUM(C27:N27) -> 3660.6959 | R27: ATF# | S27: 269.70561 | T27: 418.25226 | U27: 492.6124 | V27: 336.0738 | W27: 323.6138 | X27: 292.48856 | Y27: 452.59235 | Z27: 552.06718 | AA27: 568.73328 | AB27: 447.91663 | AC27: 413.98811 | AD27: 617.46903 | AE27: =SUM(S27:AD27) -> 5185.513
B28: SKO | C28: 0.81241722 | D28: 0.8097731 | E28: 1.1793487 | F28: 0.76107988 | G28: 0.44866868 | H28: 0.72629555 | I28: 0.7260279 | J28: 1.0645081 | K28: 0.98189944 | L28: 0.90971748 | M28: 0.88745479 | N28: 0.97998614 | O28: =SUM(C28:N28) -> 10.287177 | R28: SKO | S28: 1.3559853 | T28: 1.3246692 | U28: 1.8476474 | V28: 1.1430361 | W28: 0.64197917 | X28: 1.080404 | Y28: 1.0490879 | Z28: 1.3090112 | AA28: 1.2369843 | AB28: 1.2213262 | AC28: 1.0584827 | AD28: 1.0522195 | AE28: =SUM(S28:AD28) -> 14.320833
B29: HSD | C29: 967.51236 | D29: 1616.3309 | E29: 1666.948 | F29: 1349.7338 | G29: 1481.3026 | H29: 1714.6008 | I29: 2039.436 | J29: 1899.4924 | K29: 1970.5241 | L29: 1904.0331 | M29: 1991.8068 | N29: 3486.4779 | O29: =SUM(C29:N29) -> 22088.199 | R29: HSD | S29: 1879.5287 | T29: 2945.4863 | U29: 2833.7166 | V29: 2258.5187 | W29: 2603.4564 | X29: 2794.7441 | Y29: 2896.6405 | Z29: 2780.9197 | AA29: 3056.9063 | AB29: 2578.1089 | AC29: 2414.5532 | AD29: 3364.5746 | AE29: =SUM(S29:AD29) -> 32407.154
B30: LDO | C30: 0 | D30: 0 | E30: 0 | F30: 0 | G30: 0 | H30: 0 | I30: 0 | J30: 0 | K30: 0.015035354 | L30: 0.014626601 | M30: 0 | N30: 0 | O30: =SUM(C30:N30) -> 0.029661955 | R30: LDO | S30: 0 | T30: 0 | U30: 0 | V30: 0 | W30: 0 | X30: 0 | Y30: 0 | Z30: 0 | AA30: 0.01898 | AB30: 0.01812 | AC30: 0 | AD30: 0 | AE30: =SUM(S30:AD30) -> 0.0371
B31: LOBS/ Lube Oil | C31: 0.45435939 | D31: 0.108234 | E31: 0.80326116 | F31: 0.41750571 | G31: 1.0609756 | H31: 0.73558914 | I31: 0.65381504 | J31: 0.76135609 | K31: 2.2476139 | L31: 0.80576307 | M31: 4.6281588 | N31: 2.5914406 | O31: =SUM(C31:N31) -> 15.268073 | R31: LOBS/ Lube Oil | S31: 0.23381 | T31: 0.04798 | U31: 0.39268 | V31: 0.21841 | W31: 0.47266 | X31: 0.33116 | Y31: 0.3048 | Z31: 0.38628 | AA31: 1.02127 | AB31: 0.4117 | AC31: 5.32511 | AD31: 1.21608 | AE31: =SUM(S31:AD31) -> 10.36194
B32: Fuel Oil | C32: 38.86 | D32: 104.39221 | E32: 88.539542 | F32: 142.92156 | G32: 78.999755 | H32: 68.355738 | I32: 60.193782 | J32: 35.4477 | K32: 64.187315 | L32: 82.306403 | M32: 53.172223 | N32: 72.95131 | O32: =SUM(C32:N32) -> 890.32754 | R32: Fuel Oil | S32: 80 | T32: 231.91625 | U32: 200.01553 | V32: 298.84307 | W32: 154.73745 | X32: 127.20075 | Y32: 111.14792 | Z32: 68.04275 | AA32: 138.32843 | AB32: 164.85608 | AC32: 90.037105 | AD32: 92.196127 | AE32: =SUM(S32:AD32) -> 1757.3215
B33: Bitumen | C33: 0.097150034 | D33: 0 | E33: 0 | F33: 0 | G33: 0 | H33: 1.1553909 | I33: 2.4955765 | J33: 0 | K33: 0 | L33: 0 | M33: 0 | N33: 0 | O33: =SUM(C33:N33) -> 3.7481174 | R33: Bitumen | S33: 0.155 | T33: 0 | U33: 0 | V33: 0 | W33: 0 | X33: 2.03868 | Y33: 3.98028 | Z33: 0 | AA33: 0 | AB33: 0 | AC33: 0 | AD33: 0 | AE33: =SUM(S33:AD33) -> 6.17396
B34: Petcoke / CBFS | C34: 0.354382 | D34: 0.05498707 | E34: 0.11014476 | F34: 0.086207564 | G34: 19.965745 | H34: 21.485552 | I34: 25.509207 | J34: 0 | K34: 0.055307757 | L34: 0 | M34: 4.47 | N34: 2.307525 | O34: =SUM(C34:N34) -> 74.399059 | R34: Petcoke / CBFS | S34: 0.753 | T34: 0.1135 | U34: 0.2272 | V34: 0.16631 | W34: 41.902057 | X34: 42.078796 | Y34: 52.198067 | Z34: 0 | AA34: 0.10038 | AB34: 0 | AC34: 44 | AD34: 5.5 | AE34: =SUM(S34:AD34) -> 187.03931
B35: Others% | C35: 135.92306 | D35: 152.169 | E35: 131.63015 | F35: 145.88977 | G35: 54.675045 | H35: 77.097868 | I35: 111.2521 | J35: 78.941561 | K35: 98.777331 | L35: 142.21593 | M35: 113.64824 | N35: 159.8391 | O35: =SUM(C35:N35) -> 1402.0592 | R35: Others% | S35: 250.97533 | T35: 259.71307 | U35: 192.83531 | V35: 294.07481 | W35: 98.094487 | X35: 131.42256 | Y35: 190.45461 | Z35: 114.80345 | AA35: 143.32638 | AB35: 236.61514 | AC35: 185.59041 | AD35: 232.25422 | AE35: =SUM(S35:AD35) -> 2330.1598
B36: TOTAL PRODUCT EXPORT | C36: =SUM(C24:C35) -> 2167.4096 | D36: =SUM(D24:D35) -> 3328.7609 | E36: =SUM(E24:E35) -> 3388.0751 | F36: =SUM(F24:F35) -> 2924.938 | G36: =SUM(G24:G35) -> 2906.8651 | H36: =SUM(H24:H35) -> 3175.1166 | I36: =SUM(I24:I35) -> 3843.0588 | J36: =SUM(J24:J35) -> 3734.4315 | ... O36: =SUM(O24:O35) -> 44438.07 | R36: TOTAL PRODUCT EXPORT | S36: =SUM(S24:S35) -> 3916.0489 | T36: =SUM(T24:T35) -> 5736.3945 | U36: =SUM(U24:U35) -> 5511.1519 | V36: =SUM(V24:V35) -> 4699.7054 | W36: =SUM(W24:W35) -> 4803.0439 | X36: =SUM(X24:X35) -> 4942.353 | Y36: =SUM(Y24:Y35) -> 5308.6371 | Z36: =SUM(Z24:Z35) -> 5193.3138 | ... AE36: =SUM(AE24:AE35) -> 62754.541
B37: NET IMPORT | C37: =+C22-C36 -> 7856.4847 | D37: =+D22-D36 -> 6194.1139 | E37: =+E22-E36 -> 6334.3144 | F37: =+F22-F36 -> 6841.6649 | G37: =+G22-G36 -> 8017.5711 | H37: =+H22-H36 -> 8051.1472 | I37: =+I22-I36 -> 8381.92 | J37: =+J22-J36 -> 9001.3832 | ... O37: =+O22-O36 -> 99892.666 | R37: NET IMPORT | S37: =+S22-S36 -> 17094.277 | T37: =+T22-T36 -> 14109.749 | U37: =+U22-U36 -> 13188.507 | V37: =+V22-V36 -> 13547.094 | W37: =+W22-W36 -> 15625.81 | X37: =+X22-X36 -> 15842.763 | Y37: =+Y22-Y36 -> 15494.992 | Z37: =+Z22-Z36 -> 16164.738 | ... AE37: =+AE22-AE36 -> 188643.76

Sheet Crude Oil Data 2022-23
B4: ('Million US$) | Q4: ('000 Metric Tonnes)
B5: Import/Export of Crude oil and Petroleum Products | Q5: Import/Export of Crude oil and Petroleum Products
B6: IMPORT/EXPORT | C6: APRIL | D6: MAY | E6: JUNE | F6: JULY | G6: AUGUST | H6: SEPTEMBER | I6: OCTOBER | J6: NOVEMBER | K6: DECEMBER | L6: JANUARY | M6: FEBRUARY | N6: MARCH | O6: TOTAL | Q6: IMPORT/EXPORT | R6: APRIL | S6: MAY | T6: JUNE | U6: JULY | V6: AUGUST | W6: SEPTEMBER | X6: OCTOBER | Y6: NOVEMBER | Z6: DECEMBER | AA6: JANUARY | AB6: FEBRUARY | AC6: MARCH | AD6: TOTAL
B7: IMPORT^ | Q7: IMPORT^
B8: CRUDE OIL | C8: 16814.639 | D8: 15468.778 | E8: 15596.966 | F8: 16264.643 | G8: 13107.364 | H8: 11827.307 | I8: 12086.555 | J8: 12252.887 | K8: 11445.03 | L8: 11350.713 | M8: 10421.177 | N8: 10894.967 | O8: =SUM(C8:N8) -> 157531.02 | Q8: CRUDE OIL | R8: 21626.17 | S8: 19644.254 | T8: 19209.652 | U8: 20624.254 | V8: 17637.212 | W8: 16772.21 | X8: 18123.447 | Y8: 19003.281 | Z8: 19617.71 | AA8: 20229.31 | AB8: 19284.873 | AC8: 20928.04 | AD8: =SUM(R8:AC8) -> 232700.41
B9: PRODUCTS | Q9: PRODUCTS
B10: LPG | C10: 1536.0094 | D10: 1197.7126 | E10: 971.16693 | F10: 1056.049 | G10: 1075.1821 | H10: 939.25873 | I10: 835.86298 | J10: 1121.6218 | K10: 1159.2079 | L10: 1070.4995 | M10: 1319.9252 | N10: 1061.0225 | O10: =SUM(C10:N10) -> 13343.519 | Q10: LPG | R10: 1594.0737 | S10: 1365.4918 | T10: 1252.3882 | U10: 1417.2243 | V10: 1573.947 | W10: 1448.2229 | X10: 1420.8941 | Y10: 1778.003 | Z10: 1718.1597 | AA10: 1709.1092 | AB10: 1647.4828 | AC10: 1410.4449 | AD10: =SUM(R10:AC10) -> 18335.442
B11: MS | C11: 0 | D11: 40.142535 | E11: 207.73693 | F11: 78.01507 | G11: 0.0172 | H11: 172.95983 | I11: 295.82037 | J11: 196.86821 | K11: 102.65101 | L11: 0.0331 | M11: 0 | N11: 0 | O11: =SUM(C11:N11) -> 1094.2443 | Q11: MS | R11: 0 | S11: 29.787618 | T11: 127.51961 | U11: 62.846022 | V11: 0.00214 | W11: 189.71485 | X11: 327.48303 | Y11: 211.35631 | Z11: 119.98532 | AA11: 0.005812 | AB11: 0 | AC11: 0 | AD11: =SUM(R11:AC11) -> 1068.7007
B12: Naphtha | C12: 31.823444 | D12: 33.6556 | E12: 1.7763 | F12: 116.88729 | G12: 59.66884 | H12: 43.99304 | I12: 77.283901 | J12: 21.190942 | K12: 46.977844 | L12: 22.605765 | M12: 83.300816 | N12: 53.971565 | O12: =SUM(C12:N12) -> 593.13535 | Q12: Naphtha | R12: 35.357443 | S12: 30.45983 | T12: 2.48799 | U12: 144.88401 | V12: 89.845921 | W12: 76.372092 | X12: 134.80331 | Y12: 27.564233 | Z12: 88.425336 | AA12: 40.508218 | AB12: 127.5546 | AC12: 98.262592 | AD12: =SUM(R12:AC12) -> 896.52557
B13: ATF | C13: 0 | D13: 0.0002 | E13: 0 | F13: 0 | G13: 0 | H13: 0 | I13: 0 | J13: 0 | K13: 0 | L13: 0 | M13: 0 | N13: 0 | O13: =SUM(C13:N13) -> 0.0002 | Q13: ATF | R13: 0 | S13: 3e-06 | T13: 0 | U13: 0 | V13: 0 | W13: 0 | X13: 0 | Y13: 0 | Z13: 0 | AA13: 0 | AB13: 0 | AC13: 0 | AD13: =SUM(R13:AC13) -> 3e-06
B14: SKO | C14: 0 | D14: 0 | E14: 0 | F14: 0 | G14: 0 | H14: 0 | I14: 0 | J14: 0 | K14: 0 | L14: 0 | M14: 0 | N14: 0 | O14: =SUM(C14:N14) -> 0 | Q14: SKO | R14: 0 | S14: 0 | T14: 0 | U14: 0 | V14: 0 | W14: 0 | X14: 0 | Y14: 0 | Z14: 0 | AA14: 0 | AB14: 0 | AC14: 0 | AD14: =SUM(R14:AC14) -> 0
B15: HSD | C15: 2.9406 | D15: 13.2927 | E15: 196.15635 | F15: 180.51675 | G15: 10.8149 | H15: 1.8108 | I15: 11.1691 | J15: 8.1333 | K15: 14.3152 | L15: 5.5554 | M15: 5.279 | N15: 3.6172 | O15: =SUM(C15:N15) -> 453.6013 | Q15: HSD | R15: 2.557381 | S15: 8.50397 | T15: 114.6623 | U15: 138.78487 | V15: 7.855977 | W15: 1.673355 | X15: 10.298525 | Y15: 6.624117 | Z15: 13.145197 | AA15: 4.645174 | AB15: 9.79017 | AC15: 3.856972 | AD15: =SUM(R15:AC15) -> 322.39801
B16: LOBS/ Lube oil | C16: 208.87059 | D16: 217.45016 | E16: 202.36751 | F16: 262.15154 | G16: 203.23358 | H16: 159.8363 | I16: 229.28929 | J16: 173.5414 | K16: 146.22172 | L16: 144.46003 | M16: 183.39791 | N16: 170.24617 | O16: =SUM(C16:N16) -> 2301.0662 | Q16: LOBS/ Lube oil | R16: 229.81256 | S16: 213.50184 | T16: 180.55278 | U16: 221.73892 | V16: 165.01618 | W16: 133.12993 | X16: 212.25088 | Y16: 159.26769 | Z16: 139.06279 | AA16: 139.03016 | AB16: 184.27805 | AC16: 174.61329 | AD16: =SUM(R16:AC16) -> 2152.2551
B17: Fuel Oil | C17: 658.86368 | D17: 326.13173 | E17: 395.88943 | F17: 451.62583 | G17: 370.37449 | H17: 272.22887 | I17: 300.61248 | J17: 248.83771 | K17: 358.99735 | L17: 337.54557 | M17: 229.42612 | N17: 251.7802 | O17: =SUM(C17:N17) -> 4202.3134 | Q17: Fuel Oil | R17: 995.86338 | S17: 481.89615 | T17: 600.68921 | U17: 749.26784 | V17: 702.33319 | W17: 567.2185 | X17: 654.75544 | Y17: 568.74399 | Z17: 963.11989 | AA17: 893.43975 | AB17: 640.15218 | AC17: 745.11482 | AD17: =SUM(R17:AC17) -> 8562.5943
B18: Bitumen | C18: 137.5327 | D18: 132.023 | E18: 103.0231 | F18: 56.756 | G18: 29.776342 | H18: 49.097 | I18: 93.9618 | J18: 135.10839 | K18: 123.9248 | L18: 111.678 | M18: 119.4307 | N18: 144.2202 | O18: =SUM(C18:N18) -> 1236.532 | Q18: Bitumen | R18: 258.42738 | S18: 254.48523 | T18: 210.36035 | U18: 119.68058 | V18: 68.287706 | W18: 116.37751 | X18: 225.98997 | Y18: 348.9574 | Z18: 282.50186 | AA18: 268.83515 | AB18: 295.97137 | AC18: 347.57519 | AD18: =SUM(R18:AC18) -> 2797.4497
B19: Petcoke | C19: 223.821 | D19: 216.7255 | E19: 187.2043 | F19: 224.5052 | G19: 169.8216 | H19: 127.2426 | I19: 192.8249 | J19: 209.0125 | K19: 117.8239 | L19: 165.5723 | M19: 163.5888 | N19: 264.8683 | O19: =SUM(C19:N19) -> 2263.0109 | Q19: Petcoke | R19: 891.89397 | S19: 708.66728 | T19: 544.26377 | U19: 793.22804 | V19: 465.98447 | W19: 539.08808 | X19: 855.04523 | Y19: 846.85457 | Z19: 595.31155 | AA19: 515.66193 | AB19: 724.76931 | AC19: 1182.9111 | AD19: =SUM(R19:AC19) -> 8663.6792
B20: Others& | C20: 143.62681 | D20: 170.50508 | E20: 98.026896 | F20: 77.760041 | G20: 141.00375 | H20: 80.545373 | I20: 73.416602 | J20: 82.284283 | K20: 103.6991 | L20: 143.98074 | M20: 71.389851 | N20: 238.83622 | O20: =SUM(C20:N20) -> 1425.0747 | Q20: Others& | R20: 157.34984 | S20: 197.7896 | T20: 95.137469 | U20: 84.380407 | V20: 164.75916 | W20: 89.156473 | X20: 96.271786 | Y20: 94.414183 | Z20: 130.53036 | AA20: 211.14954 | AB20: 88.786082 | AC20: 389.10429 | AD20: =SUM(R20:AC20) -> 1798.8292
B21: PRODUCT IMPORT* | C21: =SUM(C10:C20) -> 2943.4882 | D21: =SUM(D10:D20) -> 2347.6392 | E21: =SUM(E10:E20) -> 2363.3477 | F21: =SUM(F10:F20) -> 2504.2667 | G21: =SUM(G10:G20) -> 2059.8928 | H21: =SUM(H10:H20) -> 1846.9725 | I21: =SUM(I10:I20) -> 2110.2414 | J21: =SUM(J10:J20) -> 2196.5985 | ... O21: =SUM(O10:O20) -> 26912.497 | Q21: PRODUCT IMPORT* | R21: =SUM(R10:R20) -> 4165.3357 | S21: =SUM(S10:S20) -> 3290.5834 | T21: =SUM(T10:T20) -> 3128.0617 | U21: =SUM(U10:U20) -> 3732.035 | V21: =SUM(V10:V20) -> 3238.0318 | W21: =SUM(W10:W20) -> 3160.9537 | X21: =SUM(X10:X20) -> 3937.7923 | Y21: =SUM(Y10:Y20) -> 4041.7854 | ... AD21: =SUM(AD10:AD20) -> 44597.873
B22: TOTAL IMPORT | C22: =+C21+C8 -> 19758.127 | D22: =+D21+D8 -> 17816.418 | E22: =+E21+E8 -> 17960.313 | F22: =+F21+F8 -> 18768.91 | G22: =+G21+G8 -> 15167.257 | H22: =+H21+H8 -> 13674.279 | I22: =+I8+I21 -> 14196.796 | J22: =+J8+J21 -> 14449.485 | K22: =+K8+K21 -> 13618.849 | L22: =+L8+L21 -> 13352.643 | M22: =+M8+M21 -> 12596.915 | N22: =+N8+N21 -> 13083.529 | O22: =+O8+O21 -> 184443.52 | Q22: TOTAL IMPORT | R22: =+R21+R8 -> 25791.505 | S22: =+S21+S8 -> 22934.837 | T22: =+T21+T8 -> 22337.714 | U22: =+U21+U8 -> 24356.289 | V22: =+V21+V8 -> 20875.244 | W22: =+W21+W8 -> 19933.164 | X22: =+X8+X21 -> 22061.239 | Y22: =+Y8+Y21 -> 23045.066 | Z22: =+Z8+Z21 -> 23667.952 | AA22: =+AA8+AA21 -> 24011.695 | AB22: =+AB8+AB21 -> 23003.658 | AC22: =+AC8+AC21 -> 25279.923 | AD22: =+AD8+AD21 -> 277298.29
B23: PRODUCT EXPORT @ | Q23: PRODUCT EXPORT @
B24: LPG | C24: 52.055593 | D24: 54.447062 | E24: 52.952729 | F24: 39.295378 | G24: 36.115368 | H24: 33.781484 | I24: 33.911313 | J24: 30.928012 | K24: 33.946558 | L24: 37.970321 | M24: 32.567326 | N24: 48.122324 | O24: =SUM(C24:N24) -> 486.09347 | Q24: LPG | R24: 47.343002 | S24: 47.689822 | T24: 50.078433 | U24: 41.723235 | V24: 39.624877 | W24: 40.277528 | X24: 43.275418 | Y24: 41.989242 | Z24: 44.771704 | AA24: 47.958107 | AB24: 42.984093 | AC24: 51.809268 | AD24: =SUM(R24:AC24) -> 539.52473
B25: MS! | C25: 1579.2896 | D25: 1491.2626 | E25: 1580.2337 | F25: 1141.1963 | G25: 916.81671 | H25: 577.46077 | I25: 403.20844 | J25: 692.06136 | K25: 995.62085 | L25: 1035.623 | M25: 1176.3991 | N25: 1279.3125 | O25: =SUM(C25:N25) -> 12868.485 | Q25: MS! | R25: 1403.2288 | S25: 1157.8323 | T25: 1162.6697 | U25: 1073.738 | V25: 1019.3518 | W25: 671.68743 | X25: 500.76458 | Y25: 842.55573 | Z25: 1242.1059 | AA25: 1165.2992 | AB25: 1379.4973 | AC25: 1508.1222 | AD25: =SUM(R25:AC25) -> 13126.853
B26: Naphtha$ | C26: 553.07562 | D26: 471.3906 | E26: 660.98999 | F26: 272.99281 | G26: 285.59279 | H26: 290.79919 | I26: 244.06957 | J26: 285.15997 | K26: 273.36171 | L26: 220.43633 | M26: 284.20459 | N26: 342.067 | O26: =SUM(C26:N26) -> 4184.1402 | Q26: Naphtha$ | R26: 610.66257 | S26: 556.05661 | T26: 815.08552 | U26: 354.59432 | V26: 413.78567 | W26: 467.85067 | X26: 371.58164 | Y26: 423.18609 | Z26: 440.81441 | AA26: 333.13713 | AB26: 416.01382 | AC26: 511.33552 | AD26: =SUM(R26:AC26) -> 5714.104
B27: ATF# | C27: 379.05713 | D27: 526.14926 | E27: 774.34695 | F27: 639.77782 | G27: 799.78464 | H27: 660.54044 | I27: 649.9917 | J27: 595.76367 | K27: 552.59597 | L27: 541.6692 | M27: 556.7333 | N27: 608.43903 | O27: =SUM(C27:N27) -> 7284.8491 | Q27: ATF# | R27: 349.93132 | S27: 447.69568 | T27: 590.80386 | U27: 582.873 | V27: 744.9279 | W27: 689.20182 | X27: 639.48129 | Y27: 591.09544 | Z27: 623.58141 | AA27: 567.86503 | AB27: 649.61481 | AC27: 786.49385 | AD27: =SUM(R27:AC27) -> 7263.5654
B28: SKO | C28: 2.2821148 | D28: 0.82752407 | E28: 1.5756292 | F28: 1.36674 | G28: 0.57604181 | H28: 0.9319287 | I28: 0.78254818 | J28: 0.97555885 | K28: 1.010503 | L28: 0.87854209 | M28: 0.54795375 | N28: 0.84646146 | O28: =SUM(C28:N28) -> 12.601546 | Q28: SKO | R28: 1.9588194 | S28: 0.69208487 | T28: 1.2604713 | U28: 0.95513975 | V28: 0.46504345 | W28: 0.79229625 | X28: 0.7156372 | Y28: 0.86395428 | Z28: 0.89295428 | AA28: 0.88021749 | AB28: 0.52005692 | AC28: 0.83658538 | AD28: =SUM(R28:AC28) -> 10.833261
B29: HSD | C29: 2971.3172 | D29: 3567.1425 | E29: 3184.0623 | F29: 2403.7058 | G29: 2470.6207 | H29: 2618.6856 | I29: 2174.7112 | J29: 1940.4264 | K29: 2109.2773 | L29: 1755.37 | M29: 1775.1491 | N29: 1888.6505 | O29: =SUM(C29:N29) -> 28859.118 | Q29: HSD | R29: 2697.5627 | S29: 3062.5218 | T29: 2456.2079 | U29: 2146.4281 | V29: 2365.0892 | W29: 2689.172 | X29: 2062.1531 | Y29: 1978.5937 | Z29: 2412.6046 | AA29: 1990.6577 | AB29: 2150.5669 | AC29: 2482.8762 | AD29: =SUM(R29:AC29) -> 28494.434
B30: LDO | C30: 0.10360131 | D30: 0.13507212 | E30: 0.11126891 | F30: 0.14898477 | G30: 0.093262021 | H30: 0.12556259 | I30: 0.15416502 | J30: 0.14577627 | K30: 0.1858683 | L30: 0.10050542 | M30: 0.13952086 | N30: 0.14858555 | O30: =SUM(C30:N30) -> 1.5921731 | Q30: LDO | R30: 0.089766607 | S30: 0.10771993 | T30: 0.089766607 | U30: 0.11849192 | V30: 0.082585278 | W30: 0.11849192 | X30: 0.147 | Y30: 0.133 | Z30: 0.19 | AA30: 0.108 | AB30: 0.144 | AC30: 0.160905 | AD30: =SUM(R30:AC30) -> 1.4897273
B31: LOBS/ Lube Oil | C31: 4.4969513 | D31: 0.82512216 | E31: 2.1235136 | F31: 1.636781 | G31: 1.0070124 | H31: 1.6909402 | I31: 0.96261635 | J31: 1.3997609 | K31: 1.2299359 | L31: 1.2674294 | M31: 0.82402145 | N31: 8.0615159 | O31: =SUM(C31:N31) -> 25.525601 | Q31: LOBS/ Lube Oil | R31: 5.2874038 | S31: 0.42042098 | T31: 1.0645253 | U31: 0.77731355 | V31: 0.46897657 | W31: 0.73464922 | X31: 0.46973752 | Y31: 0.79899809 | Z31: 0.5750495 | AA31: 0.69294185 | AB31: 0.47506676 | AC31: 2.0410151 | AD31: =SUM(R31:AC31) -> 13.806098
B32: Fuel Oil | C32: 34.31043 | D32: 60.002607 | E32: 77.111107 | F32: 90.28611 | G32: 131.00243 | H32: 71.630168 | I32: 117.40285 | J32: 88.321658 | K32: 112.04174 | L32: 83.350081 | M32: 39.388865 | N32: 68.092652 | O32: =SUM(C32:N32) -> 972.94069 | Q32: Fuel Oil | R32: 41.939215 | S32: 76.751639 | T32: 126.83048 | U32: 186.18254 | V32: 221.40217 | W32: 155.73145 | X32: 229.37529 | Y32: 158.5685 | Z32: 247.83754 | AA32: 179.18716 | AB32: 75.889243 | AC32: 141.24217 | AD32: =SUM(R32:AC32) -> 1840.9374
B33: Bitumen | C33: 0.015275239 | D33: 0.10011998 | E33: 0.71683025 | F33: 0.030960063 | G33: 0.012544156 | H33: 1.2570563 | I33: 1.3377338 | J33: 0.059075105 | K33: 0.055129798 | L33: 0.024620782 | M33: 0.15937276 | N33: 1.445206 | O33: =SUM(C33:N33) -> 5.2139243 | Q33: Bitumen | R33: 0.02221 | S33: 0.136074 | T33: 1.05982 | U33: 0.05276 | V33: 0.02206 | W33: 2.11275 | X33: 2.128636 | Y33: 0.094001 | Z33: 0.186 | AA33: 0.044 | AB33: 0.367716 | AC33: 2.56177 | AD33: =SUM(R33:AC33) -> 8.787797
B34: Petcoke / CBFS | C34: 2.039268 | D34: 15.99565 | E34: 16.6154 | F34: 4.40968 | G34: 4.14205 | H34: 1.7292 | I34: 0 | J34: 0 | K34: 0 | L34: 0 | M34: 2.9656 | N34: 33.135261 | O34: =SUM(C34:N34) -> 81.032109 | Q34: Petcoke / CBFS | R34: 4.4 | S34: 33 | T34: 35.5 | U34: 11 | V34: 38.5 | W34: 16.5 | X34: 0 | Y34: 0 | Z34: 0 | AA34: 0 | AB34: 22 | AC34: 123.18827 | AD34: =SUM(R34:AC34) -> 284.08826
B35: Others% | C35: 234.18003 | D35: 281.7906 | E35: 243.83341 | F35: 189.28545 | G35: 215.61118 | H35: 152.6141 | I35: 103.31186 | J35: 156.1572 | K35: 408.61101 | L35: 145.91322 | M35: 210.57114 | N35: 199.85824 | O35: =SUM(C35:N35) -> 2541.7374 | Q35: Others% | R35: 275.36876 | S35: 300.48329 | T35: 267.10902 | U35: 213.67493 | V35: 398.1271 | W35: 254.49 | X35: 123.09476 | Y35: 229.29451 | Z35: 684.25077 | AA35: 215.47648 | AB35: 319.98867 | AC35: 435.15476 | AD35: =SUM(R35:AC35) -> 3716.513
B36: TOTAL PRODUCT EXPORT | C36: =SUM(C24:C35) -> 5812.2229 | D36: =SUM(D24:D35) -> 6470.0686 | E36: =SUM(E24:E35) -> 6594.6728 | F36: =SUM(F24:F35) -> 4784.1328 | G36: =SUM(G24:G35) -> 4861.3747 | H36: =SUM(H24:H35) -> 4411.2465 | I36: =SUM(I24:I35) -> 3729.844 | J36: =SUM(J24:J35) -> 3791.3985 | ... O36: =SUM(O24:O35) -> 57323.33 | Q36: TOTAL PRODUCT EXPORT | R36: =SUM(R24:R35) -> 5437.7946 | S36: =SUM(S24:S35) -> 5683.3874 | T36: =SUM(T24:T35) -> 5507.7595 | U36: =SUM(U24:U35) -> 4612.1178 | V36: =SUM(V24:V35) -> 5241.8474 | W36: =SUM(W24:W35) -> 4988.6691 | X36: =SUM(X24:X35) -> 3973.1871 | Y36: =SUM(Y24:Y35) -> 4267.1732 | ... AD36: =SUM(AD24:AD35) -> 61014.937
B37: NET IMPORT | C37: =+C22-C36 -> 13945.904 | D37: =+D22-D36 -> 11346.349 | E37: =+E22-E36 -> 11365.641 | F37: =+F22-F36 -> 13984.777 | G37: =+G22-G36 -> 10305.882 | H37: =+H22-H36 -> 9263.0329 | I37: =+I22-I36 -> 10466.952 | J37: =+J22-J36 -> 10658.087 | ... O37: =+O22-O36 -> 127120.19 | Q37: NET IMPORT | R37: =+R22-R36 -> 20353.711 | S37: =+S22-S36 -> 17251.45 | T37: =+T22-T36 -> 16829.954 | U37: =+U22-U36 -> 19744.171 | V37: =+V22-V36 -> 15633.397 | W37: =+W22-W36 -> 14944.495 | X37: =+X22-X36 -> 18088.052 | Y37: =+Y22-Y36 -> 18777.893 | ... AD37: =+AD22-AD36 -> 216283.35

Sheet Rural Sec Raw Data
A2: Sector | B2: Rural
A4: Sector | B4: Year | C4: Month | D4: Cereals and products | E4: Meat and fish | F4: Egg | G4: Milk and products | H4: Oils and fats | I4: Fruits | J4: Vegetables | K4: Pulses and products | L4: Sugar and Confectionery | M4: Spices | N4: Non-alcoholic beverages | O4: Prepared meals, snacks, sweets, etc. | P4: Food and beverages | Q4: Pan, tobacco, and intoxicants | R4: Clothing | S4: Footwear | T4: Clothing and footwear | U4: Housing | V4: Fuel and light | W4: Household goods and services | X4: Health | Y4: Transport and communication | Z4: Recreation and amusement | AA4: Education | AB4: Personal care and effects | AC4: Miscellaneous
A5: Rural | B5: 2021 | C5: April | D5: 142.7 | E5: 195.5 | F5: 163.4 | G5: 155 | H5: 175.2 | I5: 160.6 | J5: 135.1 | K5: 161.1 | L5: 112.2 | M5: 164.4 | N5: 161.9 | O5: 166.8 | P5: 155.6 | Q5: 186.8 | R5: 160.7 | S5: 155.1 | T5: 159.9 | U5: NA | V5: 156 | W5: 155.5 | X5: 165.3 | Y5: 151.7 | Z5: 158.6 | AA5: 164.1 | AB5: 154.6 | AC5: 158
A6: Rural | B6: 2021 | C6: May | D6: 145.1 | E6: 198.5 | F6: 168.6 | G6: 155.8 | H6: 184.4 | I6: 162.3 | J6: 138.4 | K6: 165.1 | L6: 114.3 | M6: 169.7 | N6: 164.6 | O6: 169.8 | P6: 158.7 | Q6: 189.6 | R6: 165.3 | S6: 160.6 | T6: 164.5 | U6: NA | V6: 161.7 | W6: 158.8 | X6: 169.1 | Y6: 153.2 | Z6: 160 | AA6: 167.6 | AB6: 159.3 | AC6: 161.1
A7: Rural | B7: 2021 | C7: June | D7: 145.6 | E7: 200.1 | F7: 179.3 | G7: 156.1 | H7: 190.4 | I7: 158.6 | J7: 144.7 | K7: 165.5 | L7: 114.6 | M7: 170 | N7: 165.5 | O7: 171.7 | P7: 160.5 | Q7: 189.1 | R7: 165.3 | S7: 159.9 | T7: 164.6 | U7: NA | V7: 162.1 | W7: 159.2 | X7: 169.7 | Y7: 154.2 | Z7: 160.4 | AA7: 166.8 | AB7: 159.4 | AC7: 161.5
A8: Rural | B8: 2021 | C8: July | D8: 145.1 | E8: 204.5 | F8: 180.4 | G8: 157.1 | H8: 188.7 | I8: 157.7 | J8: 152.8 | K8: 163.6 | L8: 113.9 | M8: 169.7 | N8: 166.2 | O8: 171 | P8: 161.7 | Q8: 189.7 | R8: 166 | S8: 161.1 | T8: 165.3 | U8: NA | V8: 162.5 | W8: 160.3 | X8: 170.4 | Y8: 157.1 | Z8: 160.7 | AA8: 167.2 | AB8: 160.4 | AC8: 162.8
A9: Rural | B9: 2021 | C9: August | D9: 144.9 | E9: 202.3 | F9: 176.5 | G9: 157.5 | H9: 190.9 | I9: 155.7 | J9: 153.9 | K9: 162.8 | L9: 115.2 | M9: 169.8 | N9: 167.6 | O9: 171.9 | P9: 161.8 | Q9: 190.2 | R9: 167 | S9: 162.6 | T9: 166.3 | U9: NA | V9: 163.1 | W9: 160.9 | X9: 171.1 | Y9: 157.7 | Z9: 161.1 | AA9: 167.5 | AB9: 160.3 | AC9: 163.3
A10: Rural | B10: 2021 | C10: September | D10: 145.4 | E10: 202.1 | F10: 172 | G10: 158 | H10: 195.5 | I10: 152.7 | J10: 151.4 | K10: 163.9 | L10: 119.3 | M10: 170.1 | N10: 168.3 | O10: 172.8 | P10: 162.1 | Q10: 190.5 | R10: 167.7 | S10: 163.6 | T10: 167.1 | U10: NA | V10: 163.7 | W10: 161.3 | X10: 171.9 | Y10: 157.8 | Z10: 162.7 | AA10: 168.5 | AB10: 160.2 | AC10: 163.8
A11: Rural | B11: 2021 | C11: October | D11: 146.1 | E11: 202.5 | F11: 170.1 | G11: 158.4 | H11: 198.8 | I11: 152.6 | J11: 170.4 | K11: 165.2 | L11: 121.6 | M11: 170.6 | N11: 168.8 | O11: 173.6 | P11: 165.5 | Q11: 191.2 | R11: 168.9 | S11: 164.8 | T11: 168.3 | U11: NA | V11: 165.5 | W11: 162 | X11: 172.5 | Y11: 159.5 | Z11: 163.2 | AA11: 169 | AB11: 161.1 | AC11: 164.7
A12: Rural | B12: 2021 | C12: November | D12: 146.9 | E12: 199.8 | F12: 171.5 | G12: 159.1 | H12: 198.4 | I12: 153.2 | J12: 183.9 | K12: 165.4 | L12: 122.1 | M12: 170.8 | N12: 169.1 | O12: 174.3 | P12: 167.5 | Q12: 191.4 | R12: 170.4 | S12: 166 | T12: 169.8 | U12: NA | V12: 165.3 | W12: 162.9 | X12: 173.4 | Y12: 158.9 | Z12: 163.8 | AA12: 169.3 | AB12: 162.4 | AC12: 165.2
A13: Rural | B13: 2021 | C13: December | D13: 147.4 | E13: 197 | F13: 176.5 | G13: 159.8 | H13: 195.8 | I13: 152 | J13: 172.3 | K13: 164.5 | L13: 120.6 | M13: 171.7 | N13: 169.7 | O13: 175.1 | P13: 165.8 | Q13: 190.8 | R13: 171.8 | S13: 167.3 | T13: 171.2 | U13: NA | V13: 165.6 | W13: 163.9 | X13: 174 | Y13: 160.1 | Z13: 164.5 | AA13: 169.7 | AB13: 162.8 | AC13: 166
A14: Rural | B14: 2022 | C14: January | D14: 148.3 | E14: 196.9 | F14: 178 | G14: 160.5 | H14: 192.6 | I14: 151.2 | J14: 159.2 | K14: 164 | L14: 119.3 | M14: 173.3 | N14: 169.8 | O14: 175.8 | P14: 164.1 | Q14: 190.7 | R14: 173.2 | S14: 169.3 | T14: 172.7 | U14: NA | V14: 165.8 | W14: 164.9 | X14: 174.7 | Y14: 160.8 | Z14: 164.9 | AA14: 169.9 | AB14: 163.2 | AC14: 166.6
A15: Rural | B15: 2022 | C15: February | D15: 148.8 | E15: 198.1 | F15: 175.5 | G15: 160.7 | H15: 192.6 | I15: 151.4 | J15: 155.2 | K15: 163.9 | L15: 118.1 | M15: 175.4 | N15: 170.5 | O15: 176.3 | P15: 163.9 | Q15: 191.5 | R15: 174.1 | S15: 171 | T15: 173.7 | U15: NA | V15: 167.4 | W15: 165.7 | X15: 175.3 | Y15: 161.2 | Z15: 165.5 | AA15: 170.3 | AB15: 164.5 | AC15: 167.3
A16: Rural | B16: 2022 | C16: March | D16: 150.2 | E16: 208 | F16: 167.9 | G16: 162 | H16: 203.1 | I16: 155.9 | J16: 155.8 | K16: 164.2 | L16: 118.1 | M16: 178.7 | N16: 171.2 | O16: 177.4 | P16: 166.6 | Q16: 192.3 | R16: 175.4 | S16: 173.2 | T16: 175.1 | U16: NA | V16: 168.9 | W16: 166.5 | X16: 176 | Y16: 162 | Z16: 166.6 | AA16: 170.6 | AB16: 167.4 | AC16: 168.3
... A30: Rural | B30: 2023 | C30: May | D30: 173.2 | E30: 211.5 | F30: 171 | G30: 179.6 | H30: 173.3 | I30: 169 | J30: 148.7 | K30: 174.9 | L30: 121.9 | M30: 221 | N30: 178.7 | O30: 191.1 | P30: 176.8 | Q30: 199.9 | R30: 191.2 | S30: 187.9 | T30: 190.8 | U30: NA | V30: 182.5 | W30: 179.8 | X30: 187.8 | Y30: 169.7 | Z30: 173.8 | AA30: 180.3 | AB30: 184.9 | AC30: 179.5
A33: Category Wise M-O-M Percentage
A34: Sector | B34: Year | C34: Month | D34: Cereals and products | E34: Meat and fish | F34: Egg | G34: Milk and products | H34: Oils and fats | I34: Fruits | J34: Vegetables | K34: Pulses and products | L34: Sugar and Confectionery | M34: Spices | N34: Non-alcoholic beverages | O34: Prepared meals, snacks, sweets, etc. | P34: Food and beverages | Q34: Pan, tobacco, and intoxicants | R34: Clothing | S34: Footwear | T34: Clothing and footwear | U34: Housing | V34: Fuel and light | W34: Household goods and services | X34: Health | Y34: Transport and communication | Z34: Recreation and amusement | AA34: Education | AB34: Personal care and effects | AC34: Miscellaneous
A35: Rural | B35: 2021 | C35: April
A36: Rural | B36: 2021 | C36: May | D36: =IFERROR((D6-D5)/D5,0) -> 0.0168185 | E36: =IFERROR((E6-E5)/E5,0) -> 0.015345269 | F36: =IFERROR((F6-F5)/F5,0) -> 0.031823745 | G36: =IFERROR((G6-G5)/G5,0) -> 0.0051612903 | H36: =IFERROR((H6-H5)/H5,0) -> 0.052511416 | I36: =IFERROR((I6-I5)/I5,0) -> 0.010585305 | J36: =IFERROR((J6-J5)/J5,0) -> 0.024426351 | K36: =IFERROR((K6-K5)/K5,0) -> 0.024829299 | ... AC36: =IFERROR((AC6-AC5)/AC5,0) -> 0.019620253
A37: Rural | B37: 2021 | C37: June | D37: =IFERROR((D7-D6)/D6,0) -> 0.0034458994 | E37: =IFERROR((E7-E6)/E6,0) -> 0.0080604534 | F37: =IFERROR((F7-F6)/F6,0) -> 0.06346382 | G37: =IFERROR((G7-G6)/G6,0) -> 0.0019255456 | H37: =IFERROR((H7-H6)/H6,0) -> 0.032537961 | I37: =IFERROR((I7-I6)/I6,0) -> -0.022797289 | J37: =IFERROR((J7-J6)/J6,0) -> 0.045520231 | K37: =IFERROR((K7-K6)/K6,0) -> 0.0024227741 | ... AC37: =IFERROR((AC7-AC6)/AC6,0) -> 0.0024829299
A38: Rural | B38: 2021 | C38: July | D38: =IFERROR((D8-D7)/D7,0) -> -0.0034340659 | E38: =IFERROR((E8-E7)/E7,0) -> 0.021989005 | F38: =IFERROR((F8-F7)/F7,0) -> 0.0061349693 | G38: =IFERROR((G8-G7)/G7,0) -> 0.0064061499 | H38: =IFERROR((H8-H7)/H7,0) -> -0.0089285714 | I38: =IFERROR((I8-I7)/I7,0) -> -0.0056746532 | J38: =IFERROR((J8-J7)/J7,0) -> 0.055977885 | K38: =IFERROR((K8-K7)/K7,0) -> -0.011480363 | ... AC38: =IFERROR((AC8-AC7)/AC7,0) -> 0.0080495356
A39: Rural | B39: 2021 | C39: August | D39: =IFERROR((D9-D8)/D8,0) -> -0.0013783598 | E39: =IFERROR((E9-E8)/E8,0) -> -0.010757946 | F39: =IFERROR((F9-F8)/F8,0) -> -0.021618625 | G39: =IFERROR((G9-G8)/G8,0) -> 0.0025461489 | H39: =IFERROR((H9-H8)/H8,0) -> 0.011658718 | I39: =IFERROR((I9-I8)/I8,0) -> -0.012682308 | J39: =IFERROR((J9-J8)/J8,0) -> 0.0071989529 | K39: =IFERROR((K9-K8)/K8,0) -> -0.0048899756 | ... AC39: =IFERROR((AC9-AC8)/AC8,0) -> 0.0030712531
A40: Rural | B40: 2021 | C40: September | D40: =IFERROR((D10-D9)/D9,0) -> 0.0034506556 | E40: =IFERROR((E10-E9)/E9,0) -> -0.00098863075 | F40: =IFERROR((F10-F9)/F9,0) -> -0.025495751 | G40: =IFERROR((G10-G9)/G9,0) -> 0.0031746032 | H40: =IFERROR((H10-H9)/H9,0) -> 0.024096386 | I40: =IFERROR((I10-I9)/I9,0) -> -0.019267823 | J40: =IFERROR((J10-J9)/J9,0) -> -0.016244314 | K40: =IFERROR((K10-K9)/K9,0) -> 0.0067567568 | ... AC40: =IFERROR((AC10-AC9)/AC9,0) -> 0.0030618494
A41: Rural | B41: 2021 | C41: October | D41: =IFERROR((D11-D10)/D10,0) -> 0.0048143054 | E41: =IFERROR((E11-E10)/E10,0) -> 0.0019792182 | F41: =IFERROR((F11-F10)/F10,0) -> -0.011046512 | G41: =IFERROR((G11-G10)/G10,0) -> 0.0025316456 | H41: =IFERROR((H11-H10)/H10,0) -> 0.016879795 | I41: =IFERROR((I11-I10)/I10,0) -> -0.00065487885 | J41: =IFERROR((J11-J10)/J10,0) -> 0.12549538 | K41: =IFERROR((K11-K10)/K10,0) -> 0.0079316656 | ... AC41: =IFERROR((AC11-AC10)/AC10,0) -> 0.0054945055
A42: Rural | B42: 2021 | C42: November | D42: =IFERROR((D12-D11)/D11,0) -> 0.0054757016 | E42: =IFERROR((E12-E11)/E11,0) -> -0.013333333 | F42: =IFERROR((F12-F11)/F11,0) -> 0.0082304527 | G42: =IFERROR((G12-G11)/G11,0) -> 0.0044191919 | H42: =IFERROR((H12-H11)/H11,0) -> -0.0020120724 | I42: =IFERROR((I12-I11)/I11,0) -> 0.003931848 | J42: =IFERROR((J12-J11)/J11,0) -> 0.079225352 | K42: =IFERROR((K12-K11)/K11,0) -> 0.0012106538 | ... AC42: =IFERROR((AC12-AC11)/AC11,0) -> 0.0030358227
A43: Rural | B43: 2021 | C43: December | D43: =IFERROR((D13-D12)/D12,0) -> 0.003403676 | E43: =IFERROR((E13-E12)/E12,0) -> -0.014014014 | F43: =IFERROR((F13-F12)/F12,0) -> 0.029154519 | G43: =IFERROR((G13-G12)/G12,0) -> 0.0043997486 | H43: =IFERROR((H13-H12)/H12,0) -> -0.013104839 | I43: =IFERROR((I13-I12)/I12,0) -> -0.0078328982 | J43: =IFERROR((J13-J12)/J12,0) -> -0.06307776 | K43: =IFERROR((K13-K12)/K12,0) -> -0.0054413543 | ... AC43: =IFERROR((AC13-AC12)/AC12,0) -> 0.004842615
A44: Rural | B44: 2022 | C44: January | D44: =IFERROR((D14-D13)/D13,0) -> 0.0061058345 | E44: =IFERROR((E14-E13)/E13,0) -> -0.00050761421 | F44: =IFERROR((F14-F13)/F13,0) -> 0.0084985836 | G44: =IFERROR((G14-G13)/G13,0) -> 0.0043804756 | H44: =IFERROR((H14-H13)/H13,0) -> -0.016343207 | I44: =IFERROR((I14-I13)/I13,0) -> -0.0052631579 | J44: =IFERROR((J14-J13)/J13,0) -> -0.07603018 | K44: =IFERROR((K14-K13)/K13,0) -> -0.0030395137 | ... AC44: =IFERROR((AC14-AC13)/AC13,0) -> 0.0036144578
A45: Rural | B45: 2022 | C45: February | D45: =IFERROR((D15-D14)/D14,0) -> 0.0033715442 | E45: =IFERROR((E15-E14)/E14,0) -> 0.0060944642 | F45: =IFERROR((F15-F14)/F14,0) -> -0.014044944 | G45: =IFERROR((G15-G14)/G14,0) -> 0.0012461059 | H45: =IFERROR((H15-H14)/H14,0) -> 0 | I45: =IFERROR((I15-I14)/I14,0) -> 0.0013227513 | J45: =IFERROR((J15-J14)/J14,0) -> -0.025125628 | K45: =IFERROR((K15-K14)/K14,0) -> -0.0006097561 | ... AC45: =IFERROR((AC15-AC14)/AC14,0) -> 0.0042016807
A46: Rural | B46: 2022 | C46: March | D46: =IFERROR((D16-D15)/D15,0) -> 0.0094086022 | E46: =IFERROR((E16-E15)/E15,0) -> 0.04997476 | F46: =IFERROR((F16-F15)/F15,0) -> -0.043304843 | G46: =IFERROR((G16-G15)/G15,0) -> 0.008089608 | H46: =IFERROR((H16-H15)/H15,0) -> 0.054517134 | I46: =IFERROR((I16-I15)/I15,0) -> 0.029722589 | J46: =IFERROR((J16-J15)/J15,0) -> 0.0038659794 | K46: =IFERROR((K16-K15)/K15,0) -> 0.0018303844 | ... AC46: =IFERROR((AC16-AC15)/AC15,0) -> 0.0059772863
A47: Rural | B47: 2022 | C47: April | D47: =IFERROR((D17-D16)/D16,0) -> 0.010652463 | E47: =IFERROR((E17-E16)/E16,0) -> 0.0081730769 | F47: =IFERROR((F17-F16)/F16,0) -> -0.020250149 | G47: =IFERROR((G17-G16)/G16,0) -> 0.011111111 | H47: =IFERROR((H17-H16)/H16,0) -> 0.021171837 | I47: =IFERROR((I17-I16)/I16,0) -> 0.088518281 | J47: =IFERROR((J17-J16)/J16,0) -> -0.014120668 | K47: =IFERROR((K17-K16)/K16,0) -> 0.0054811206 | ... AC47: =IFERROR((AC17-AC16)/AC16,0) -> 0.011289364
... A60: Rural | B60: 2023 | C60: May | D60: =IFERROR((D30-D29)/D29,0) -> -0.00057703405 | E60: =IFERROR((E30-E29)/E29,0) -> 0.022232963 | F60: =IFERROR((F30-F29)/F29,0) -> 0.018463371 | G60: =IFERROR((G30-G29)/G29,0) -> 0.0078563412 | H60: =IFERROR((H30-H29)/H29,0) -> -0.029131653 | I60: =IFERROR((I30-I29)/I29,0) -> -0.027058146 | J60: =IFERROR((J30-J29)/J29,0) -> 0.041316527 | K60: =IFERROR((K30-K29)/K29,0) -> 0.012152778 | ... AC60: =IFERROR((AC30-AC29)/AC29,0) -> 0.003353829

Sheet Urban Sec Raw Data
A3: Sector | B3: Urban
A5: Sector | B5: Year | C5: Month | D5: Cereals and products | E5: Meat and fish | F5: Egg | G5: Milk and products | H5: Oils and fats | I5: Fruits | J5: Vegetables | K5: Pulses and products | L5: Sugar and Confectionery | M5: Spices | N5: Non-alcoholic beverages | O5: Prepared meals, snacks, sweets, etc. | P5: Food and beverages | Q5: Pan, tobacco, and intoxicants | R5: Clothing | S5: Footwear | T5: Clothing and footwear | U5: Housing | V5: Fuel and light | W5: Household goods and services | X5: Health | Y5: Transport and communication | Z5: Recreation and amusement | AA5: Education | AB5: Personal care and effects | AC5: Miscellaneous
A6: Urban | B6: 2021 | C6: April | D6: 147.6 | E6: 202.5 | F6: 166.4 | G6: 156 | H6: 161.4 | I6: 168.8 | J6: 161.6 | K6: 162.8 | L6: 114.8 | M6: 162.8 | N6: 151.5 | O6: 171.4 | P6: 162 | Q6: 194.4 | R6: 155.9 | S6: 139.3 | T6: 153.4 | U6: 161.4 | V6: 154.9 | W6: 147.6 | X6: 157.5 | Y6: 142.1 | Z6: 149.1 | AA6: 157.6 | AB6: 156.6 | AC6: 150.5
A7: Urban | B7: 2021 | C7: May | D7: 148.8 | E7: 204.3 | F7: 173 | G7: 156.5 | H7: 168.8 | I7: 172.5 | J7: 166.5 | K7: 165.9 | L7: 115.9 | M7: 165.2 | N7: 152 | O7: 171.1 | P7: 164.2 | Q7: 198.2 | R7: 156.5 | S7: 140.2 | T7: 154.1 | U7: 161.6 | V7: 155.5 | W7: 150.1 | X7: 160.4 | Y7: 145 | Z7: 152.6 | AA7: 156.6 | AB7: 157.5 | AC7: 152.3
A8: Urban | B8: 2021 | C8: June | D8: 149.2 | E8: 205.5 | F8: 182.8 | G8: 156.5 | H8: 172.2 | I8: 171.5 | J8: 176.2 | K8: 166.9 | L8: 116.1 | M8: 165.5 | N8: 152.3 | O8: 173.3 | P8: 166.2 | Q8: 195.6 | R8: 157.3 | S8: 140.5 | T8: 154.8 | U8: 160.5 | V8: 156.1 | W8: 149.8 | X8: 160.8 | Y8: 147.5 | Z8: 150.7 | AA8: 158.1 | AB8: 158 | AC8: 153.4
A9: Urban | B9: 2021 | C9: July | D9: 149.1 | E9: 210.9 | F9: 185 | G9: 158.2 | H9: 170.6 | I9: 170.9 | J9: 186.4 | K9: 164.7 | L9: 115.7 | M9: 165.5 | N9: 153.4 | O9: 173.5 | P9: 167.9 | Q9: 195.5 | R9: 157.9 | S9: 141.9 | T9: 155.5 | U9: 161.5 | V9: 157.7 | W9: 150.7 | X9: 161.5 | Y9: 149.5 | Z9: 151.2 | AA9: 160.3 | AB9: 159.6 | AC9: 155
A10: Urban | B10: 2021 | C10: August | D10: 149.3 | E10: 207.4 | F10: 174.1 | G10: 159.2 | H10: 175 | I10: 161.3 | J10: 183.3 | K10: 164.5 | L10: 120.4 | M10: 166.2 | N10: 154.8 | O10: 175.1 | P10: 167.3 | Q10: 196.5 | R10: 159.8 | S10: 143.6 | T10: 157.3 | U10: 162.1 | V10: 160.7 | W10: 153.2 | X10: 162.8 | Y10: 150.4 | Z10: 153.7 | AA10: 160.4 | AB10: 159.6 | AC10: 156
A11: Urban | B11: 2021 | C11: September | D11: 149.3 | E11: 207.4 | F11: 174.1 | G11: 159.1 | H11: 175 | I11: 161.2 | J11: 183.5 | K11: 164.5 | L11: 120.4 | M11: 166.2 | N11: 154.8 | O11: 175.1 | P11: 167.3 | Q11: 196.5 | R11: 159.8 | S11: 143.6 | T11: 157.4 | U11: 162.1 | V11: 160.8 | W11: 153.3 | X11: 162.8 | Y11: 150.5 | Z11: 153.9 | AA11: 160.3 | AB11: 159.6 | AC11: 156
A12: Urban | B12: 2021 | C12: October | D12: 150.1 | E12: 208.4 | F12: 173 | G12: 159.2 | H12: 176.6 | I12: 159.3 | J12: 214.4 | K12: 165.3 | L12: 122.5 | M12: 166.8 | N12: 155.4 | O12: 175.9 | P12: 171.5 | Q12: 197 | R12: 160.8 | S12: 144.4 | T12: 158.3 | U12: 163.6 | V12: 162.2 | W12: 154.3 | X12: 163.5 | Y12: 152.2 | Z12: 155.1 | AA12: 160.3 | AB12: 160.3 | AC12: 157
A13: Urban | B13: 2021 | C13: November | D13: 151 | E13: 204.9 | F13: 175.4 | G13: 159.6 | H13: 175.8 | I13: 160.3 | J13: 229.1 | K13: 165.1 | L13: 123.1 | M13: 167.2 | N13: 156.1 | O13: 176.8 | P13: 173.5 | Q13: 197 | R13: 162.3 | S13: 145.3 | T13: 159.7 | U13: 164.2 | V13: 161.6 | W13: 155.2 | X13: 164.2 | Y13: 151.2 | Z13: 156.7 | AA13: 160.8 | AB13: 161.8 | AC13: 157.3
A14: Urban | B14: 2021 | C14: December | D14: 151.6 | E14: 202.2 | F14: 180 | G14: 160 | H14: 173.5 | I14: 158.3 | J14: 219.5 | K14: 164.2 | L14: 121.9 | M14: 168.2 | N14: 156.5 | O14: 178.2 | P14: 172.2 | Q14: 196.8 | R14: 163.3 | S14: 146.7 | T14: 160.7 | U14: 163.4 | V14: 161.7 | W14: 156 | X14: 165.1 | Y14: 151.8 | Z14: 157.6 | AA14: 160.6 | AB14: 162.4 | AC14: 157.8
A15: Urban | B15: 2022 | C15: January | D15: 152.2 | E15: 202.1 | F15: 180.1 | G15: 160.4 | H15: 171 | I15: 156.5 | J15: 203.6 | K15: 163.8 | L15: 121.3 | M15: 169.8 | N15: 156.6 | O15: 179 | P15: 170.3 | Q15: 196.4 | R15: 164.7 | S15: 148.5 | T15: 162.2 | U15: 164.5 | V15: 161.6 | W15: 156.8 | X15: 166.1 | Y15: 152.7 | Z15: 158.4 | AA15: 161 | AB15: 162.8 | AC15: 158.6
A16: Urban | B16: 2022 | C16: February | D16: 152.5 | E16: 205.2 | F16: 176.4 | G16: 160.6 | H16: 171.5 | I16: 156.4 | J16: 198 | K16: 163.2 | L16: 120.6 | M16: 172.2 | N16: 156.7 | O16: 180 | P16: 170.2 | Q16: 196.5 | R16: 165.7 | S16: 150.4 | T16: 163.4 | U16: 165.5 | V16: 163 | W16: 157.4 | X16: 167.2 | Y16: 153.1 | Z16: 159.5 | AA16: 162 | AB16: 164.2 | AC16: 159.4
A17: Urban | B17: 2022 | C17: March | D17: 153.7 | E17: 215.8 | F17: 167.7 | G17: 162.6 | H17: 180 | I17: 159.6 | J17: 188.4 | K17: 163.4 | L17: 120.3 | M17: 174.7 | N17: 157.1 | O17: 181.5 | P17: 171.5 | Q17: 197.5 | R17: 167.1 | S17: 152.6 | T17: 164.9 | U17: 165.3 | V17: 164.5 | W17: 158.6 | X17: 168.2 | Y17: 154.2 | Z17: 160.8 | AA17: 162.7 | AB17: 166.8 | AC17: 160.6
... A31: Urban | B31: 2023 | C31: May | D31: 174.7 | E31: 219.4 | F31: 176.7 | G31: 179.4 | H31: 164.4 | I31: 175.8 | J31: 185 | K31: 176.9 | L31: 124.2 | M31: 211.9 | N31: 165.9 | O31: 197.7 | P31: 183.1 | Q31: 204.2 | R31: 181.3 | S31: 168.1 | T31: 179.3 | U31: 175.6 | V31: 183.4 | W31: 170.1 | X31: 182.2 | Y31: 160.4 | Z31: 169.2 | AA31: 174.8 | AB31: 185.6 | AC31: 171.6
A34: Category Wise M-O-M Percentage
A35: Sector | B35: Year | C35: Month | D35: Cereals and products | E35: Meat and fish | F35: Egg | G35: Milk and products | H35: Oils and fats | I35: Fruits | J35: Vegetables | K35: Pulses and products | L35: Sugar and Confectionery | M35: Spices | N35: Non-alcoholic beverages | O35: Prepared meals, snacks, sweets, etc. | P35: Food and beverages | Q35: Pan, tobacco, and intoxicants | R35: Clothing | S35: Footwear | T35: Clothing and footwear | U35: Housing | V35: Fuel and light | W35: Household goods and services | X35: Health | Y35: Transport and communication | Z35: Recreation and amusement | AA35: Education | AB35: Personal care and effects | AC35: Miscellaneous
A36: Rural | B36: 2021 | C36: April
A37: Rural | B37: 2021 | C37: May | D37: =IFERROR((D7-D6)/D6,0) -> 0.0081300813 | E37: =IFERROR((E7-E6)/E6,0) -> 0.0088888889 | F37: =IFERROR((F7-F6)/F6,0) -> 0.039663462 | G37: =IFERROR((G7-G6)/G6,0) -> 0.0032051282 | H37: =IFERROR((H7-H6)/H6,0) -> 0.045848823 | I37: =IFERROR((I7-I6)/I6,0) -> 0.021919431 | J37: =IFERROR((J7-J6)/J6,0) -> 0.030321782 | K37: =IFERROR((K7-K6)/K6,0) -> 0.019041769 | ... AC37: =IFERROR((AC7-AC6)/AC6,0) -> 0.011960133
A38: Rural | B38: 2021 | C38: June | D38: =IFERROR((D8-D7)/D7,0) -> 0.002688172 | E38: =IFERROR((E8-E7)/E7,0) -> 0.0058737151 | F38: =IFERROR((F8-F7)/F7,0) -> 0.056647399 | G38: =IFERROR((G8-G7)/G7,0) -> 0 | H38: =IFERROR((H8-H7)/H7,0) -> 0.02014218 | I38: =IFERROR((I8-I7)/I7,0) -> -0.0057971014 | J38: =IFERROR((J8-J7)/J7,0) -> 0.058258258 | K38: =IFERROR((K8-K7)/K7,0) -> 0.0060277275 | ... AC38: =IFERROR((AC8-AC7)/AC7,0) -> 0.007222587
A39: Rural | B39: 2021 | C39: July | D39: =IFERROR((D9-D8)/D8,0) -> -0.00067024129 | E39: =IFERROR((E9-E8)/E8,0) -> 0.026277372 | F39: =IFERROR((F9-F8)/F8,0) -> 0.012035011 | G39: =IFERROR((G9-G8)/G8,0) -> 0.01086262 | H39: =IFERROR((H9-H8)/H8,0) -> -0.0092915215 | I39: =IFERROR((I9-I8)/I8,0) -> -0.0034985423 | J39: =IFERROR((J9-J8)/J8,0) -> 0.057888763 | K39: =IFERROR((K9-K8)/K8,0) -> -0.013181546 | ... AC39: =IFERROR((AC9-AC8)/AC8,0) -> 0.010430248
A40: Rural | B40: 2021 | C40: August | D40: =IFERROR((D10-D9)/D9,0) -> 0.0013413816 | E40: =IFERROR((E10-E9)/E9,0) -> -0.016595543 | F40: =IFERROR((F10-F9)/F9,0) -> -0.058918919 | G40: =IFERROR((G10-G9)/G9,0) -> 0.0063211125 | H40: =IFERROR((H10-H9)/H9,0) -> 0.025791325 | I40: =IFERROR((I10-I9)/I9,0) -> -0.056173201 | J40: =IFERROR((J10-J9)/J9,0) -> -0.016630901 | K40: =IFERROR((K10-K9)/K9,0) -> -0.0012143291 | ... AC40: =IFERROR((AC10-AC9)/AC9,0) -> 0.0064516129
A41: Rural | B41: 2021 | C41: September | D41: =IFERROR((D11-D10)/D10,0) -> 0 | E41: =IFERROR((E11-E10)/E10,0) -> 0 | F41: =IFERROR((F11-F10)/F10,0) -> 0 | G41: =IFERROR((G11-G10)/G10,0) -> -0.0006281407 | H41: =IFERROR((H11-H10)/H10,0) -> 0 | I41: =IFERROR((I11-I10)/I10,0) -> -0.0006199628 | J41: =IFERROR((J11-J10)/J10,0) -> 0.0010911075 | K41: =IFERROR((K11-K10)/K10,0) -> 0 | ... AC41: =IFERROR((AC11-AC10)/AC10,0) -> 0
A42: Rural | B42: 2021 | C42: October | D42: =IFERROR((D12-D11)/D11,0) -> 0.0053583389 | E42: =IFERROR((E12-E11)/E11,0) -> 0.0048216008 | F42: =IFERROR((F12-F11)/F11,0) -> -0.0063182079 | G42: =IFERROR((G12-G11)/G11,0) -> 0.00062853551 | H42: =IFERROR((H12-H11)/H11,0) -> 0.0091428571 | I42: =IFERROR((I12-I11)/I11,0) -> -0.0117866 | J42: =IFERROR((J12-J11)/J11,0) -> 0.16839237 | K42: =IFERROR((K12-K11)/K11,0) -> 0.0048632219 | ... AC42: =IFERROR((AC12-AC11)/AC11,0) -> 0.0064102564
A43: Rural | B43: 2021 | C43: November | D43: =IFERROR((D13-D12)/D12,0) -> 0.0059960027 | E43: =IFERROR((E13-E12)/E12,0) -> -0.016794626 | F43: =IFERROR((F13-F12)/F12,0) -> 0.013872832 | G43: =IFERROR((G13-G12)/G12,0) -> 0.0025125628 | H43: =IFERROR((H13-H12)/H12,0) -> -0.0045300113 | I43: =IFERROR((I13-I12)/I12,0) -> 0.0062774639 | J43: =IFERROR((J13-J12)/J12,0) -> 0.068563433 | K43: =IFERROR((K13-K12)/K12,0) -> -0.0012099214 | ... AC43: =IFERROR((AC13-AC12)/AC12,0) -> 0.001910828
A44: Rural | B44: 2021 | C44: December | D44: =IFERROR((D14-D13)/D13,0) -> 0.0039735099 | E44: =IFERROR((E14-E13)/E13,0) -> -0.01317716 | F44: =IFERROR((F14-F13)/F13,0) -> 0.02622577 | G44: =IFERROR((G14-G13)/G13,0) -> 0.0025062657 | H44: =IFERROR((H14-H13)/H13,0) -> -0.013083049 | I44: =IFERROR((I14-I13)/I13,0) -> -0.012476606 | J44: =IFERROR((J14-J13)/J13,0) -> -0.041903099 | K44: =IFERROR((K14-K13)/K13,0) -> -0.0054512417 | ... AC44: =IFERROR((AC14-AC13)/AC13,0) -> 0.0031786395
A45: Rural | B45: 2022 | C45: January | D45: =IFERROR((D15-D14)/D14,0) -> 0.0039577836 | E45: =IFERROR((E15-E14)/E14,0) -> -0.00049455984 | F45: =IFERROR((F15-F14)/F14,0) -> 0.00055555556 | G45: =IFERROR((G15-G14)/G14,0) -> 0.0025 | H45: =IFERROR((H15-H14)/H14,0) -> -0.014409222 | I45: =IFERROR((I15-I14)/I14,0) -> -0.011370815 | J45: =IFERROR((J15-J14)/J14,0) -> -0.072437358 | K45: =IFERROR((K15-K14)/K14,0) -> -0.0024360536 | ... AC45: =IFERROR((AC15-AC14)/AC14,0) -> 0.0050697085
A46: Rural | B46: 2022 | C46: February | D46: =IFERROR((D16-D15)/D15,0) -> 0.0019710907 | E46: =IFERROR((E16-E15)/E15,0) -> 0.015338941 | F46: =IFERROR((F16-F15)/F15,0) -> -0.020544142 | G46: =IFERROR((G16-G15)/G15,0) -> 0.0012468828 | H46: =IFERROR((H16-H15)/H15,0) -> 0.0029239766 | I46: =IFERROR((I16-I15)/I15,0) -> -0.00063897764 | J46: =IFERROR((J16-J15)/J15,0) -> -0.027504912 | K46: =IFERROR((K16-K15)/K15,0) -> -0.0036630037 | ... AC46: =IFERROR((AC16-AC15)/AC15,0) -> 0.0050441362
A47: Rural | B47: 2022 | C47: March | D47: =IFERROR((D17-D16)/D16,0) -> 0.0078688525 | E47: =IFERROR((E17-E16)/E16,0) -> 0.05165692 | F47: =IFERROR((F17-F16)/F16,0) -> -0.049319728 | G47: =IFERROR((G17-G16)/G16,0) -> 0.0124533 | H47: =IFERROR((H17-H16)/H16,0) -> 0.049562682 | I47: =IFERROR((I17-I16)/I16,0) -> 0.020460358 | J47: =IFERROR((J17-J16)/J16,0) -> -0.048484848 | K47: =IFERROR((K17-K16)/K16,0) -> 0.0012254902 | ... AC47: =IFERROR((AC17-AC16)/AC16,0) -> 0.0075282309
A48: Rural | B48: 2022 | C48: April | D48: =IFERROR((D18-D17)/D17,0) -> 0.011060507 | E48: =IFERROR((E18-E17)/E17,0) -> 0 | F48: =IFERROR((F18-F17)/F17,0) -> -0.018485391 | G48: =IFERROR((G18-G17)/G17,0) -> 0.0098400984 | H48: =IFERROR((H18-H17)/H17,0) -> 0.033333333 | I48: =IFERROR((I18-I17)/I17,0) -> 0.10213033 | J48: =IFERROR((J18-J17)/J17,0) -> 0.012208068 | K48: =IFERROR((K18-K17)/K17,0) -> 0.0036719706 | ... AC48: =IFERROR((AC18-AC17)/AC17,0) -> 0.015566625
... A61: Rural | B61: 2023 | C61: May | D61: =IFERROR((D31-D30)/D30,0) -> -0.00057208238 | E61: =IFERROR((E31-E30)/E30,0) -> 0.026672906 | F61: =IFERROR((F31-F30)/F30,0) -> 0.024941995 | G61: =IFERROR((G31-G30)/G30,0) -> 0.0033557047 | H61: =IFERROR((H31-H30)/H30,0) -> -0.025489034 | I61: =IFERROR((I31-I30)/I30,0) -> -0.018973214 | J61: =IFERROR((J31-J30)/J30,0) -> 0.028349083 | K61: =IFERROR((K31-K30)/K30,0) -> 0.012593017 | ... AC61: =IFERROR((AC31-AC30)/AC30,0) -> 0.0040959626

Sheet Rural+Urban Raw data
A2: Sector | B2: Rural + Urban
A4: Sector | B4: Year | C4: Month | D4: Cereals and products | E4: Meat and fish | F4: Egg | G4: Milk and products | H4: Oils and fats | I4: Fruits | J4: Vegetables | K4: Pulses and products | L4: Sugar and Confectionery | M4: Spices | N4: Non-alcoholic beverages | O4: Prepared meals, snacks, sweets, etc. | P4: Food and beverages | Q4: Pan, tobacco, and intoxicants | R4: Clothing | S4: Footwear | T4: Clothing and footwear | U4: Housing | V4: Fuel and light | W4: Household goods and services | X4: Health | Y4: Transport and communication | Z4: Recreation and amusement | AA4: Education | AB4: Personal care and effects | AC4: Miscellaneous
A5: Rural+Urban | B5: 2021 | C5: April | D5: 144.3 | E5: 198 | F5: 164.6 | G5: 155.4 | H5: 170.1 | I5: 164.4 | J5: 144.1 | K5: 161.7 | L5: 113.1 | M5: 163.9 | N5: 157.6 | O5: 168.9 | P5: 158 | Q5: 188.8 | R5: 158.8 | S5: 148.5 | T5: 157.3 | U5: 161.4 | V5: 155.6 | W5: 151.8 | X5: 162.3 | Y5: 146.6 | Z5: 153.2 | AA5: 160.3 | AB5: 155.4 | AC5: 154.4
A6: Rural+Urban | B6: 2021 | C6: May | D6: 146.3 | E6: 200.5 | F6: 170.3 | G6: 156.1 | H6: 178.7 | I6: 167.1 | J6: 147.9 | K6: 165.4 | L6: 114.8 | M6: 168.2 | N6: 159.3 | O6: 170.4 | P6: 160.7 | Q6: 191.9 | R6: 161.8 | S6: 152.1 | T6: 160.4 | U6: 161.6 | V6: 159.4 | W6: 154.7 | X6: 165.8 | Y6: 148.9 | Z6: 155.8 | AA6: 161.2 | AB6: 158.6 | AC6: 156.8
A7: Rural+Urban | B7: 2021 | C7: June | D7: 146.7 | E7: 202 | F7: 180.7 | G7: 156.2 | H7: 183.7 | I7: 164.6 | J7: 155.4 | K7: 166 | L7: 115.1 | M7: 168.5 | N7: 160 | O7: 172.4 | P7: 162.6 | Q7: 190.8 | R7: 162.2 | S7: 151.8 | T7: 160.7 | U7: 160.5 | V7: 159.8 | W7: 154.8 | X7: 166.3 | Y7: 150.7 | Z7: 154.9 | AA7: 161.7 | AB7: 158.8 | AC7: 157.6
A8: Rural+Urban | B8: 2021 | C8: July | D8: 146.4 | E8: 206.8 | F8: 182.2 | G8: 157.5 | H8: 182.1 | I8: 163.9 | J8: 164.2 | K8: 164 | L8: 114.5 | M8: 168.3 | N8: 160.9 | O8: 172.2 | P8: 164 | Q8: 191.2 | R8: 162.8 | S8: 153.1 | T8: 161.4 | U8: 161.5 | V8: 160.7 | W8: 155.8 | X8: 167 | Y8: 153.1 | Z8: 155.3 | AA8: 163.2 | AB8: 160.1 | AC8: 159
A9: Rural+Urban | B9: 2021 | C9: August | D9: 146.6 | E9: 204 | F9: 172.8 | G9: 158.4 | H9: 188 | I9: 156.8 | J9: 162.2 | K9: 164.1 | L9: 119.7 | M9: 168.8 | N9: 162.7 | O9: 173.9 | P9: 164 | Q9: 192.1 | R9: 164.5 | S9: 155.3 | T9: 163.2 | U9: 162.1 | V9: 162.6 | W9: 157.5 | X9: 168.4 | Y9: 154 | Z9: 157.6 | AA9: 163.8 | AB9: 160 | AC9: 160
A10: Rural+Urban | B10: 2021 | C10: September | D10: 146.6 | E10: 204 | F10: 172.8 | G10: 158.4 | H10: 188 | I10: 156.7 | J10: 162.3 | K10: 164.1 | L10: 119.7 | M10: 168.8 | N10: 162.7 | O10: 173.9 | P10: 164 | Q10: 192.1 | R10: 164.6 | S10: 155.3 | T10: 163.3 | U10: 162.1 | V10: 162.6 | W10: 157.5 | X10: 168.4 | Y10: 154 | Z10: 157.7 | AA10: 163.7 | AB10: 160 | AC10: 160
A11: Rural+Urban | B11: 2021 | C11: October | D11: 147.4 | E11: 204.6 | F11: 171.2 | G11: 158.7 | H11: 190.6 | I11: 155.7 | J11: 185.3 | K11: 165.2 | L11: 121.9 | M11: 169.3 | N11: 163.2 | O11: 174.7 | P11: 167.7 | Q11: 192.7 | R11: 165.7 | S11: 156.3 | T11: 164.3 | U11: 163.6 | V11: 164.2 | W11: 158.4 | X11: 169.1 | Y11: 155.7 | Z11: 158.6 | AA11: 163.9 | AB11: 160.8 | AC11: 161
A12: Rural+Urban | B12: 2021 | C12: November | D12: 148.2 | E12: 201.6 | F12: 173 | G12: 159.3 | H12: 190.1 | I12: 156.5 | J12: 199.2 | K12: 165.3 | L12: 122.4 | M12: 169.6 | N12: 163.7 | O12: 175.5 | P12: 169.7 | Q12: 192.9 | R12: 167.2 | S12: 157.4 | T12: 165.8 | U12: 164.2 | V12: 163.9 | W12: 159.3 | X12: 169.9 | Y12: 154.8 | Z12: 159.8 | AA12: 164.3 | AB12: 162.2 | AC12: 161.4
A13: Rural+Urban | B13: 2021 | C13: December | D13: 148.7 | E13: 198.8 | F13: 177.9 | G13: 159.9 | H13: 187.6 | I13: 154.9 | J13: 188.3 | K13: 164.4 | L13: 121 | M13: 170.5 | N13: 164.2 | O13: 176.5 | P13: 168.2 | Q13: 192.4 | R13: 168.5 | S13: 158.7 | T13: 167 | U13: 163.4 | V13: 164.1 | W13: 160.2 | X13: 170.6 | Y13: 155.7 | Z13: 160.6 | AA13: 164.4 | AB13: 162.6 | AC13: 162
A14: Rural+Urban | B14: 2022 | C14: January | D14: 149.5 | E14: 198.7 | F14: 178.8 | G14: 160.5 | H14: 184.7 | I14: 153.7 | J14: 174.3 | K14: 163.9 | L14: 120 | M14: 172.1 | N14: 164.3 | O14: 177.3 | P14: 166.4 | Q14: 192.2 | R14: 169.9 | S14: 160.7 | T14: 168.5 | U14: 164.5 | V14: 164.2 | W14: 161.1 | X14: 171.4 | Y14: 156.5 | Z14: 161.2 | AA14: 164.7 | AB14: 163 | AC14: 162.7
A15: Rural+Urban | B15: 2022 | C15: February | D15: 150 | E15: 200.6 | F15: 175.8 | G15: 160.7 | H15: 184.9 | I15: 153.7 | J15: 169.7 | K15: 163.7 | L15: 118.9 | M15: 174.3 | N15: 164.7 | O15: 178 | P15: 166.2 | Q15: 192.8 | R15: 170.8 | S15: 162.4 | T15: 169.6 | U15: 165.5 | V15: 165.7 | W15: 161.8 | X15: 172.2 | Y15: 156.9 | Z15: 162.1 | AA15: 165.4 | AB15: 164.4 | AC15: 163.5
A16: Rural+Urban | B16: 2022 | C16: March | D16: 151.3 | E16: 210.7 | F16: 167.8 | G16: 162.2 | H16: 194.6 | I16: 157.6 | J16: 166.9 | K16: 163.9 | L16: 118.8 | M16: 177.4 | N16: 165.3 | O16: 179.3 | P16: 168.4 | Q16: 193.7 | R16: 172.1 | S16: 164.6 | T16: 171.1 | U16: 165.3 | V16: 167.2 | W16: 162.8 | X16: 173 | Y16: 157.9 | Z16: 163.3 | AA16: 166 | AB16: 167.2 | AC16: 164.6
... A30: Rural+Urban | B30: 2023 | C30: May | D30: 173.7 | E30: 214.3 | F30: 173.2 | G30: 179.5 | H30: 170 | I30: 172.2 | J30: 161 | K30: 175.6 | L30: 122.7 | M30: 218 | N30: 173.4 | O30: 194.2 | P30: 179.1 | Q30: 201 | R30: 187.3 | S30: 179.7 | T30: 186.2 | U30: 175.6 | V30: 182.8 | W30: 175.2 | X30: 185.7 | Y30: 164.8 | Z30: 171.2 | AA30: 177.1 | AB30: 185.2 | AC30: 175.7
A33: Category Wise M-O-M Percentage
A34: Sector | B34: Year | C34: Month | D34: Cereals and products | E34: Meat and fish | F34: Egg | G34: Milk and products | H34: Oils and fats | I34: Fruits | J34: Vegetables | K34: Pulses and products | L34: Sugar and Confectionery | M34: Spices | N34: Non-alcoholic beverages | O34: Prepared meals, snacks, sweets, etc. | P34: Food and beverages | Q34: Pan, tobacco, and intoxicants | R34: Clothing | S34: Footwear | T34: Clothing and footwear | U34: Housing | V34: Fuel and light | W34: Household goods and services | X34: Health | Y34: Transport and communication | Z34: Recreation and amusement | AA34: Education | AB34: Personal care and effects | AC34: Miscellaneous
A35: Rural | B35: 2021 | C35: April
A36: Rural | B36: 2021 | C36: May | D36: =IFERROR((D6-D5)/D5,0) -> 0.013860014 | E36: =IFERROR((E6-E5)/E5,0) -> 0.012626263 | F36: =IFERROR((F6-F5)/F5,0) -> 0.034629405 | G36: =IFERROR((G6-G5)/G5,0) -> 0.0045045045 | H36: =IFERROR((H6-H5)/H5,0) -> 0.050558495 | I36: =IFERROR((I6-I5)/I5,0) -> 0.016423358 | J36: =IFERROR((J6-J5)/J5,0) -> 0.026370576 | K36: =IFERROR((K6-K5)/K5,0) -> 0.02288188 | ... AC36: =IFERROR((AC6-AC5)/AC5,0) -> 0.015544041
A37: Rural | B37: 2021 | C37: June | D37: =IFERROR((D7-D6)/D6,0) -> 0.002734108 | E37: =IFERROR((E7-E6)/E6,0) -> 0.0074812968 | F37: =IFERROR((F7-F6)/F6,0) -> 0.061068702 | G37: =IFERROR((G7-G6)/G6,0) -> 0.00064061499 | H37: =IFERROR((H7-H6)/H6,0) -> 0.027979855 | I37: =IFERROR((I7-I6)/I6,0) -> -0.014961101 | J37: =IFERROR((J7-J6)/J6,0) -> 0.050709939 | K37: =IFERROR((K7-K6)/K6,0) -> 0.0036275695 | ... AC37: =IFERROR((AC7-AC6)/AC6,0) -> 0.0051020408
A38: Rural | B38: 2021 | C38: July | D38: =IFERROR((D8-D7)/D7,0) -> -0.0020449898 | E38: =IFERROR((E8-E7)/E7,0) -> 0.023762376 | F38: =IFERROR((F8-F7)/F7,0) -> 0.0083010515 | G38: =IFERROR((G8-G7)/G7,0) -> 0.0083226633 | H38: =IFERROR((H8-H7)/H7,0) -> -0.008709853 | I38: =IFERROR((I8-I7)/I7,0) -> -0.0042527339 | J38: =IFERROR((J8-J7)/J7,0) -> 0.056628057 | K38: =IFERROR((K8-K7)/K7,0) -> -0.012048193 | ... AC38: =IFERROR((AC8-AC7)/AC7,0) -> 0.0088832487
A39: Rural | B39: 2021 | C39: August | D39: =IFERROR((D9-D8)/D8,0) -> 0.0013661202 | E39: =IFERROR((E9-E8)/E8,0) -> -0.013539652 | F39: =IFERROR((F9-F8)/F8,0) -> -0.051591658 | G39: =IFERROR((G9-G8)/G8,0) -> 0.0057142857 | H39: =IFERROR((H9-H8)/H8,0) -> 0.03239978 | I39: =IFERROR((I9-I8)/I8,0) -> -0.043319097 | J39: =IFERROR((J9-J8)/J8,0) -> -0.012180268 | K39: =IFERROR((K9-K8)/K8,0) -> 0.0006097561 | ... AC39: =IFERROR((AC9-AC8)/AC8,0) -> 0.0062893082
A40: Rural | B40: 2021 | C40: September | D40: =IFERROR((D10-D9)/D9,0) -> 0 | E40: =IFERROR((E10-E9)/E9,0) -> 0 | F40: =IFERROR((F10-F9)/F9,0) -> 0 | G40: =IFERROR((G10-G9)/G9,0) -> 0 | H40: =IFERROR((H10-H9)/H9,0) -> 0 | I40: =IFERROR((I10-I9)/I9,0) -> -0.0006377551 | J40: =IFERROR((J10-J9)/J9,0) -> 0.00061652281 | K40: =IFERROR((K10-K9)/K9,0) -> 0 | ... AC40: =IFERROR((AC10-AC9)/AC9,0) -> 0
A41: Rural | B41: 2021 | C41: October | D41: =IFERROR((D11-D10)/D10,0) -> 0.0054570259 | E41: =IFERROR((E11-E10)/E10,0) -> 0.0029411765 | F41: =IFERROR((F11-F10)/F10,0) -> -0.0092592593 | G41: =IFERROR((G11-G10)/G10,0) -> 0.0018939394 | H41: =IFERROR((H11-H10)/H10,0) -> 0.013829787 | I41: =IFERROR((I11-I10)/I10,0) -> -0.0063816209 | J41: =IFERROR((J11-J10)/J10,0) -> 0.14171288 | K41: =IFERROR((K11-K10)/K10,0) -> 0.0067032297 | ... AC41: =IFERROR((AC11-AC10)/AC10,0) -> 0.00625
A42: Rural | B42: 2021 | C42: November | D42: =IFERROR((D12-D11)/D11,0) -> 0.0054274084 | E42: =IFERROR((E12-E11)/E11,0) -> -0.014662757 | F42: =IFERROR((F12-F11)/F11,0) -> 0.010514019 | G42: =IFERROR((G12-G11)/G11,0) -> 0.0037807183 | H42: =IFERROR((H12-H11)/H11,0) -> -0.0026232949 | I42: =IFERROR((I12-I11)/I11,0) -> 0.0051380861 | J42: =IFERROR((J12-J11)/J11,0) -> 0.075013492 | K42: =IFERROR((K12-K11)/K11,0) -> 0.00060532688 | ... AC42: =IFERROR((AC12-AC11)/AC11,0) -> 0.002484472
A43: Rural | B43: 2021 | C43: December | D43: =IFERROR((D13-D12)/D12,0) -> 0.0033738192 | E43: =IFERROR((E13-E12)/E12,0) -> -0.013888889 | F43: =IFERROR((F13-F12)/F12,0) -> 0.028323699 | G43: =IFERROR((G13-G12)/G12,0) -> 0.0037664783 | H43: =IFERROR((H13-H12)/H12,0) -> -0.013150973 | I43: =IFERROR((I13-I12)/I12,0) -> -0.010223642 | J43: =IFERROR((J13-J12)/J12,0) -> -0.054718876 | K43: =IFERROR((K13-K12)/K12,0) -> -0.0054446461 | ... AC43: =IFERROR((AC13-AC12)/AC12,0) -> 0.0037174721
